sid,rank,year,source
1,1,1965,3
2,2,1965,1
3,3,1965,1
4,4,1965,1
5,5,1965,1
6,6,1965,1
7,7,1965,3
8,8,1965,5
9,9,1965,1
10,10,1965,3
11,11,1965,3
12,12,1965,1
13,13,1965,3
14,14,1965,1
15,15,1965,3
16,16,1965,3
17,17,1965,3
18,18,1965,3
19,19,1965,1
20,20,1965,1
21,21,1965,1
22,22,1965,1
23,23,1965,1
24,24,1965,3
25,25,1965,1
26,26,1965,3
27,27,1965,5
28,28,1965,1
29,29,1965,1
30,30,1965,3
31,31,1965,3
32,32,1965,3
33,33,1965,1
34,34,1965,3
35,35,1965,3
36,36,1965,1
37,37,1965,1
38,38,1965,1
39,39,1965,3
40,40,1965,1
41,41,1965,1
42,42,1965,NA
43,43,1965,3
44,44,1965,1
45,45,1965,NA
46,46,1965,NA
47,47,1965,3
48,48,1965,3
49,49,1965,3
50,50,1965,3
51,51,1965,1
52,52,1965,1
53,53,1965,3
54,54,1965,3
55,55,1965,3
56,56,1965,3
57,57,1965,3
58,58,1965,1
59,59,1965,3
60,60,1965,3
61,61,1965,3
62,62,1965,3
63,63,1965,1
64,64,1965,1
65,65,1965,5
66,66,1965,1
67,67,1965,1
68,68,1965,3
69,69,1965,3
70,70,1965,3
71,71,1965,3
72,72,1965,5
73,73,1965,1
74,74,1965,1
75,75,1965,3
76,76,1965,3
77,77,1965,5
78,78,1965,3
79,79,1965,1
80,80,1965,3
81,81,1965,3
82,82,1965,3
83,83,1965,1
84,84,1965,NA
85,85,1965,1
86,86,1965,1
87,87,1965,3
88,88,1965,3
89,89,1965,3
90,90,1965,1
91,91,1965,3
92,92,1965,3
93,93,1965,3
94,94,1965,3
95,95,1965,3
96,96,1965,3
97,97,1965,NA
98,98,1965,3
99,99,1965,1
100,100,1965,1
101,1,1966,NA
102,2,1966,3
103,3,1966,1
104,4,1966,1
105,5,1966,3
106,6,1966,3
107,7,1966,3
108,8,1966,1
109,9,1966,1
110,10,1966,3
111,11,1966,1
112,12,1966,3
113,13,1966,1
114,14,1966,1
115,15,1966,1
116,16,1966,3
117,17,1966,3
118,18,1966,3
119,19,1966,3
120,20,1966,1
121,21,1966,3
122,22,1966,1
123,23,1966,1
124,24,1966,1
125,25,1966,3
126,26,1966,1
127,27,1966,1
128,28,1966,3
129,29,1966,3
130,30,1966,1
131,31,1966,3
132,32,1966,NA
133,33,1966,3
134,34,1966,3
135,35,1966,1
136,36,1966,1
137,37,1966,1
138,38,1966,3
139,39,1966,1
140,40,1966,1
141,41,1966,3
142,42,1966,1
143,43,1966,1
144,44,1966,1
145,45,1966,3
146,46,1966,5
147,47,1966,1
148,48,1966,1
149,49,1966,1
150,50,1966,1
151,51,1966,3
152,52,1966,1
153,53,1966,1
154,54,1966,3
155,55,1966,3
156,56,1966,3
157,57,1966,3
158,58,1966,3
159,59,1966,1
160,60,1966,3
161,61,1966,3
162,62,1966,3
163,63,1966,1
164,64,1966,3
165,65,1966,3
166,66,1966,NA
167,67,1966,3
168,68,1966,1
169,69,1966,3
170,70,1966,1
171,71,1966,3
172,72,1966,1
173,73,1966,1
174,74,1966,1
175,75,1966,1
176,76,1966,3
177,77,1966,1
178,78,1966,1
179,79,1966,3
180,80,1966,1
181,81,1966,1
182,82,1966,3
183,83,1966,1
184,84,1966,1
185,85,1966,3
186,86,1966,3
187,87,1966,3
188,88,1966,1
189,89,1966,1
190,90,1966,3
191,91,1966,1
192,92,1966,1
193,93,1966,NA
194,94,1966,3
195,95,1966,1
196,96,1966,3
197,97,1966,3
198,98,1966,1
199,99,1966,3
200,100,1966,NA
201,1,1967,1
202,2,1967,1
203,3,1967,1
204,4,1967,3
205,5,1967,3
206,6,1967,1
207,7,1967,3
208,8,1967,3
209,9,1967,3
210,10,1967,1
211,11,1967,3
212,12,1967,5
213,13,1967,1
214,14,1967,1
215,15,1967,1
216,16,1967,1
217,17,1967,1
218,18,1967,3
219,19,1967,3
220,20,1967,3
221,21,1967,3
222,22,1967,5
223,23,1967,1
224,24,1967,3
225,25,1967,1
226,26,1967,1
227,27,1967,1
228,28,1967,1
229,29,1967,1
230,30,1967,3
231,31,1967,1
232,32,1967,3
233,33,1967,1
234,34,1967,3
235,35,1967,1
236,36,1967,3
237,37,1967,3
238,38,1967,1
239,39,1967,1
240,40,1967,3
241,41,1967,1
242,42,1967,3
243,43,1967,3
244,44,1967,1
245,45,1967,3
246,46,1967,3
247,47,1967,3
248,48,1967,3
249,49,1967,3
250,50,1967,1
251,51,1967,1
252,52,1967,1
253,53,1967,1
254,54,1967,5
255,55,1967,3
256,56,1967,1
257,57,1967,3
258,58,1967,3
259,59,1967,1
260,60,1967,3
261,61,1967,1
262,62,1967,3
263,63,1967,3
264,64,1967,3
265,65,1967,1
266,66,1967,3
267,67,1967,1
268,68,1967,3
269,69,1967,3
270,70,1967,5
271,71,1967,3
272,72,1967,NA
273,73,1967,1
274,74,1967,3
275,75,1967,1
276,76,1967,1
277,77,1967,1
278,78,1967,1
279,79,1967,1
280,80,1967,1
281,81,1967,1
282,82,1967,1
283,83,1967,3
284,84,1967,3
285,85,1967,1
286,86,1967,1
287,87,1967,5
288,88,1967,1
289,89,1967,3
290,90,1967,3
291,91,1967,3
292,92,1967,NA
293,93,1967,1
294,94,1967,3
295,95,1967,1
296,96,1967,1
297,97,1967,1
298,98,1967,3
299,99,1967,1
300,100,1967,1
301,1,1968,3
302,2,1968,3
303,3,1968,1
304,4,1968,1
305,5,1968,1
306,6,1968,1
307,7,1968,3
308,8,1968,3
309,9,1968,3
310,10,1968,3
311,11,1968,1
312,12,1968,3
313,13,1968,3
314,14,1968,1
315,15,1968,3
316,16,1968,1
317,17,1968,3
318,18,1968,1
319,19,1968,3
320,20,1968,3
321,21,1968,3
322,22,1968,3
323,23,1968,NA
324,24,1968,3
325,25,1968,3
326,26,1968,1
327,27,1968,1
328,28,1968,3
329,29,1968,1
330,30,1968,1
331,31,1968,1
332,32,1968,1
333,33,1968,1
334,34,1968,3
335,35,1968,1
336,36,1968,3
337,37,1968,3
338,38,1968,3
339,39,1968,3
340,40,1968,1
341,41,1968,5
342,42,1968,3
343,43,1968,3
344,44,1968,1
345,45,1968,NA
346,46,1968,1
347,47,1968,3
348,48,1968,3
349,49,1968,3
350,50,1968,3
351,51,1968,1
352,52,1968,3
353,53,1968,3
354,54,1968,1
355,55,1968,1
356,56,1968,1
357,57,1968,5
358,58,1968,1
359,59,1968,1
360,60,1968,3
361,61,1968,1
362,62,1968,1
363,63,1968,3
364,64,1968,1
365,65,1968,3
366,66,1968,1
367,67,1968,1
368,68,1968,3
369,69,1968,3
370,70,1968,1
371,71,1968,3
372,72,1968,NA
373,73,1968,3
374,74,1968,NA
375,75,1968,NA
376,76,1968,3
377,77,1968,1
378,78,1968,3
379,79,1968,3
380,80,1968,3
381,81,1968,1
382,82,1968,NA
383,83,1968,NA
384,84,1968,3
385,85,1968,3
386,86,1968,3
387,87,1968,1
388,88,1968,1
389,89,1968,3
390,90,1968,5
391,91,1968,3
392,92,1968,3
393,93,1968,1
394,94,1968,1
395,95,1968,3
396,96,1968,3
397,97,1968,1
398,98,1968,3
399,99,1968,1
400,100,1968,1
401,1,1969,1
402,2,1969,3
403,3,1969,1
404,4,1969,3
405,5,1969,3
406,6,1969,3
407,7,1969,3
408,8,1969,1
409,9,1969,1
410,10,1969,3
411,11,1969,1
412,12,1969,3
413,13,1969,3
414,14,1969,1
415,15,1969,1
416,16,1969,1
417,17,1969,1
418,18,1969,1
419,19,1969,1
420,20,1969,NA
421,21,1969,1
422,22,1969,1
423,23,1969,3
424,24,1969,1
425,25,1969,3
426,26,1969,3
427,27,1969,3
428,28,1969,1
429,29,1969,3
430,30,1969,1
431,31,1969,1
432,32,1969,1
433,33,1969,1
434,34,1969,1
435,35,1969,1
436,36,1969,1
437,37,1969,NA
438,38,1969,1
439,39,1969,1
440,40,1969,3
441,41,1969,5
442,42,1969,5
443,43,1969,1
444,44,1969,3
445,45,1969,5
446,46,1969,1
447,47,1969,3
448,48,1969,1
449,49,1969,1
450,50,1969,1
451,51,1969,1
452,52,1969,1
453,53,1969,1
454,54,1969,1
455,55,1969,1
456,56,1969,3
457,57,1969,3
458,58,1969,1
459,59,1969,1
460,60,1969,1
461,61,1969,1
462,62,1969,1
463,63,1969,NA
464,64,1969,3
465,65,1969,3
466,66,1969,3
467,67,1969,1
468,68,1969,1
469,69,1969,1
470,70,1969,5
471,71,1969,3
472,72,1969,1
473,73,1969,1
474,74,1969,3
475,75,1969,3
476,76,1969,3
477,77,1969,1
478,78,1969,NA
479,79,1969,1
480,80,1969,3
481,81,1969,1
482,82,1969,1
483,83,1969,3
484,84,1969,3
485,85,1969,3
486,86,1969,3
487,87,1969,NA
488,88,1969,1
489,89,1969,3
490,90,1969,NA
491,91,1969,1
492,92,1969,NA
493,93,1969,3
494,94,1969,1
495,95,1969,3
496,96,1969,3
497,97,1969,1
498,98,1969,1
499,99,1969,1
500,100,1969,3
501,1,1970,3
502,2,1970,1
503,3,1970,3
504,4,1970,1
505,5,1970,1
506,6,1970,1
507,7,1970,1
508,8,1970,1
509,9,1970,1
510,10,1970,1
511,11,1970,1
512,12,1970,1
513,13,1970,1
514,14,1970,1
515,15,1970,3
516,16,1970,3
517,17,1970,1
518,18,1970,3
519,19,1970,3
520,20,1970,3
521,21,1970,3
522,22,1970,1
523,23,1970,1
524,24,1970,1
525,25,1970,NA
526,26,1970,3
527,27,1970,3
528,28,1970,3
529,29,1970,5
530,30,1970,1
531,31,1970,1
532,32,1970,3
533,33,1970,1
534,34,1970,1
535,35,1970,1
536,36,1970,1
537,37,1970,3
538,38,1970,NA
539,39,1970,3
540,40,1970,3
541,41,1970,3
542,42,1970,1
543,43,1970,1
544,44,1970,1
545,45,1970,3
546,46,1970,1
547,47,1970,3
548,48,1970,1
549,49,1970,3
550,50,1970,3
551,51,1970,1
552,52,1970,3
553,53,1970,1
554,54,1970,1
555,55,1970,1
556,56,1970,1
557,57,1970,3
558,58,1970,1
559,59,1970,1
560,60,1970,3
561,61,1970,1
562,62,1970,1
563,63,1970,3
564,64,1970,3
565,65,1970,1
566,66,1970,1
567,67,1970,1
568,68,1970,1
569,69,1970,1
570,70,1970,3
571,71,1970,1
572,72,1970,1
573,73,1970,1
574,74,1970,5
575,75,1970,1
576,76,1970,1
577,77,1970,3
578,78,1970,1
579,79,1970,3
580,80,1970,1
581,81,1970,3
582,82,1970,1
583,83,1970,3
584,84,1970,NA
585,85,1970,3
586,86,1970,3
587,87,1970,3
588,88,1970,1
589,89,1970,1
590,90,1970,1
591,91,1970,3
592,92,1970,1
593,93,1970,3
594,94,1970,3
595,95,1970,1
596,96,1970,1
597,97,1970,1
598,98,1970,1
599,99,1970,1
600,100,1970,1
601,1,1971,1
602,2,1971,NA
603,3,1971,NA
604,4,1971,3
605,5,1971,1
606,6,1971,NA
607,7,1971,1
608,8,1971,1
609,9,1971,3
610,10,1971,3
611,11,1971,1
612,12,1971,1
613,13,1971,3
614,14,1971,1
615,15,1971,3
616,16,1971,1
617,17,1971,1
618,18,1971,3
619,19,1971,1
620,20,1971,1
621,21,1971,1
622,22,1971,5
623,23,1971,1
624,24,1971,1
625,25,1971,1
626,26,1971,NA
627,27,1971,NA
628,28,1971,1
629,29,1971,3
630,30,1971,1
631,31,1971,1
632,32,1971,3
633,33,1971,1
634,34,1971,NA
635,35,1971,1
636,36,1971,3
637,37,1971,1
638,38,1971,1
639,39,1971,3
640,40,1971,3
641,41,1971,1
642,42,1971,5
643,43,1971,1
644,44,1971,1
645,45,1971,3
646,46,1971,1
647,47,1971,1
648,48,1971,1
649,49,1971,1
650,50,1971,5
651,51,1971,1
652,52,1971,1
653,53,1971,1
654,54,1971,3
655,55,1971,3
656,56,1971,NA
657,57,1971,1
658,58,1971,3
659,59,1971,1
660,60,1971,NA
661,61,1971,1
662,62,1971,1
663,63,1971,3
664,64,1971,NA
665,65,1971,3
666,66,1971,1
667,67,1971,3
668,68,1971,1
669,69,1971,1
670,70,1971,NA
671,71,1971,3
672,72,1971,3
673,73,1971,1
674,74,1971,1
675,75,1971,3
676,76,1971,1
677,77,1971,1
678,78,1971,1
679,79,1971,3
680,80,1971,1
681,81,1971,1
682,82,1971,1
683,83,1971,3
684,84,1971,3
685,85,1971,3
686,86,1971,3
687,87,1971,3
688,88,1971,1
689,89,1971,1
690,90,1971,3
691,91,1971,NA
692,92,1971,3
693,93,1971,1
694,94,1971,1
695,95,1971,3
696,96,1971,3
697,97,1971,NA
698,98,1971,3
699,99,1971,1
700,100,1971,1
701,1,1972,1
702,2,1972,1
703,3,1972,1
704,4,1972,1
705,5,1972,NA
706,6,1972,1
707,7,1972,1
708,8,1972,1
709,9,1972,1
710,10,1972,1
711,11,1972,1
712,12,1972,1
713,13,1972,1
714,14,1972,3
715,15,1972,NA
716,16,1972,5
717,17,1972,1
718,18,1972,1
719,19,1972,1
720,20,1972,1
721,21,1972,3
722,22,1972,NA
723,23,1972,1
724,24,1972,3
725,25,1972,3
726,26,1972,1
727,27,1972,1
728,28,1972,3
729,29,1972,3
730,30,1972,3
731,31,1972,1
732,32,1972,3
733,33,1972,3
734,34,1972,3
735,35,1972,1
736,36,1972,3
737,37,1972,1
738,38,1972,3
739,39,1972,1
740,40,1972,1
741,41,1972,1
742,42,1972,3
743,43,1972,3
744,44,1972,1
745,45,1972,1
746,46,1972,3
747,47,1972,1
748,48,1972,1
749,49,1972,1
750,50,1972,1
751,51,1972,1
752,52,1972,1
753,53,1972,1
754,54,1972,1
755,55,1972,1
756,56,1972,1
757,57,1972,1
758,58,1972,3
759,59,1972,1
760,60,1972,3
761,61,1972,1
762,62,1972,1
763,63,1972,1
764,64,1972,NA
765,65,1972,1
766,66,1972,1
767,67,1972,1
768,68,1972,1
769,69,1972,3
770,70,1972,NA
771,71,1972,1
772,72,1972,1
773,73,1972,1
774,74,1972,1
775,75,1972,1
776,76,1972,1
777,77,1972,3
778,78,1972,1
779,79,1972,3
780,80,1972,5
781,81,1972,3
782,82,1972,1
783,83,1972,3
784,84,1972,NA
785,85,1972,1
786,86,1972,5
787,87,1972,1
788,88,1972,1
789,89,1972,3
790,90,1972,NA
791,91,1972,1
792,92,1972,1
793,93,1972,NA
794,94,1972,1
795,95,1972,3
796,96,1972,1
797,97,1972,NA
798,98,1972,3
799,99,1972,1
800,100,1972,1
801,1,1973,3
802,2,1973,1
803,3,1973,1
804,4,1973,1
805,5,1973,3
806,6,1973,1
807,7,1973,1
808,8,1973,1
809,9,1973,1
810,10,1973,1
811,11,1973,1
812,12,1973,3
813,13,1973,1
814,14,1973,1
815,15,1973,1
816,16,1973,3
817,17,1973,1
818,18,1973,3
819,19,1973,1
820,20,1973,1
821,21,1973,1
822,22,1973,1
823,23,1973,1
824,24,1973,1
825,25,1973,1
826,26,1973,1
827,27,1973,1
828,28,1973,1
829,29,1973,1
830,30,1973,1
831,31,1973,1
832,32,1973,1
833,33,1973,1
834,34,1973,3
835,35,1973,1
836,36,1973,3
837,37,1973,1
838,38,1973,3
839,39,1973,1
840,40,1973,3
841,41,1973,1
842,42,1973,1
843,43,1973,3
844,44,1973,5
845,45,1973,3
846,46,1973,5
847,47,1973,1
848,48,1973,1
849,49,1973,3
850,50,1973,1
851,51,1973,3
852,52,1973,3
853,53,1973,NA
854,54,1973,1
855,55,1973,3
856,56,1973,3
857,57,1973,1
858,58,1973,5
859,59,1973,1
860,60,1973,1
861,61,1973,NA
862,62,1973,1
863,63,1973,3
864,64,1973,1
865,65,1973,1
866,66,1973,1
867,67,1973,3
868,68,1973,1
869,69,1973,3
870,70,1973,1
871,71,1973,1
872,72,1973,1
873,73,1973,1
874,74,1973,1
875,75,1973,1
876,76,1973,1
877,77,1973,1
878,78,1973,1
879,79,1973,3
880,80,1973,3
881,81,1973,3
882,82,1973,1
883,83,1973,1
884,84,1973,1
885,85,1973,3
886,86,1973,3
887,87,1973,1
888,88,1973,3
889,89,1973,3
890,90,1973,3
891,91,1973,3
892,92,1973,1
893,93,1973,1
894,94,1973,1
895,95,1973,3
896,96,1973,1
897,97,1973,1
898,98,1973,1
899,99,1973,1
900,100,1973,3
901,1,1974,1
902,2,1974,1
903,3,1974,NA
904,4,1974,1
905,5,1974,3
906,6,1974,1
907,7,1974,5
908,8,1974,1
909,9,1974,1
910,10,1974,1
911,11,1974,NA
912,12,1974,3
913,13,1974,1
914,14,1974,1
915,15,1974,1
916,16,1974,3
917,17,1974,1
918,18,1974,1
919,19,1974,1
920,20,1974,1
921,21,1974,NA
922,22,1974,1
923,23,1974,1
924,24,1974,1
925,25,1974,1
926,26,1974,1
927,27,1974,1
928,28,1974,1
929,29,1974,1
930,30,1974,1
931,31,1974,1
932,32,1974,1
933,33,1974,1
934,34,1974,3
935,35,1974,3
936,36,1974,1
937,37,1974,1
938,38,1974,1
939,39,1974,1
940,40,1974,1
941,41,1974,NA
942,42,1974,1
943,43,1974,3
944,44,1974,1
945,45,1974,1
946,46,1974,1
947,47,1974,NA
948,48,1974,1
949,49,1974,1
950,50,1974,3
951,51,1974,1
952,52,1974,5
953,53,1974,1
954,54,1974,1
955,55,1974,1
956,56,1974,3
957,57,1974,1
958,58,1974,1
959,59,1974,3
960,60,1974,1
961,61,1974,1
962,62,1974,1
963,63,1974,NA
964,64,1974,1
965,65,1974,3
966,66,1974,1
967,67,1974,1
968,68,1974,1
969,69,1974,3
970,70,1974,1
971,71,1974,1
972,72,1974,1
973,73,1974,1
974,74,1974,1
975,75,1974,1
976,76,1974,1
977,77,1974,1
978,78,1974,1
979,79,1974,3
980,80,1974,1
981,81,1974,NA
982,82,1974,1
983,83,1974,1
984,84,1974,3
985,85,1974,1
986,86,1974,5
987,87,1974,3
988,88,1974,1
989,89,1974,1
990,90,1974,1
991,91,1974,1
992,92,1974,3
993,93,1974,1
994,94,1974,5
995,95,1974,1
996,96,1974,1
997,97,1974,1
998,98,1974,1
999,99,1974,3
1000,100,1974,3
1001,1,1975,3
1002,2,1975,1
1003,3,1975,1
1004,4,1975,3
1005,5,1975,1
1006,6,1975,3
1007,7,1975,1
1008,8,1975,1
1009,9,1975,3
1010,10,1975,1
1011,11,1975,1
1012,12,1975,3
1013,13,1975,1
1014,14,1975,1
1015,15,1975,1
1016,16,1975,3
1017,17,1975,1
1018,18,1975,NA
1019,19,1975,1
1020,20,1975,1
1021,21,1975,NA
1022,22,1975,1
1023,23,1975,1
1024,24,1975,5
1025,25,1975,1
1026,26,1975,3
1027,27,1975,1
1028,28,1975,1
1029,29,1975,1
1030,30,1975,1
1031,31,1975,1
1032,32,1975,1
1033,33,1975,1
1034,34,1975,1
1035,35,1975,1
1036,36,1975,1
1037,37,1975,1
1038,38,1975,1
1039,39,1975,1
1040,40,1975,1
1041,41,1975,3
1042,42,1975,NA
1043,43,1975,1
1044,44,1975,3
1045,45,1975,3
1046,46,1975,3
1047,47,1975,1
1048,48,1975,1
1049,49,1975,1
1050,50,1975,1
1051,51,1975,3
1052,52,1975,1
1053,53,1975,3
1054,54,1975,1
1055,55,1975,5
1056,56,1975,1
1057,57,1975,1
1058,58,1975,3
1059,59,1975,5
1060,60,1975,1
1061,61,1975,3
1062,62,1975,1
1063,63,1975,1
1064,64,1975,3
1065,65,1975,1
1066,66,1975,NA
1067,67,1975,1
1068,68,1975,1
1069,69,1975,1
1070,70,1975,1
1071,71,1975,1
1072,72,1975,5
1073,73,1975,3
1074,74,1975,1
1075,75,1975,1
1076,76,1975,3
1077,77,1975,1
1078,78,1975,1
1079,79,1975,1
1080,80,1975,5
1081,81,1975,1
1082,82,1975,1
1083,83,1975,1
1084,84,1975,1
1085,85,1975,3
1086,86,1975,3
1087,87,1975,1
1088,88,1975,5
1089,89,1975,1
1090,90,1975,1
1091,91,1975,1
1092,92,1975,1
1093,93,1975,NA
1094,94,1975,1
1095,95,1975,5
1096,96,1975,1
1097,97,1975,1
1098,98,1975,NA
1099,99,1975,1
1100,100,1975,NA
1101,1,1976,1
1102,2,1976,NA
1103,3,1976,1
1104,4,1976,1
1105,5,1976,1
1106,6,1976,3
1107,7,1976,1
1108,8,1976,1
1109,9,1976,1
1110,10,1976,3
1111,11,1976,3
1112,12,1976,1
1113,13,1976,1
1114,14,1976,1
1115,15,1976,1
1116,16,1976,3
1117,17,1976,1
1118,18,1976,1
1119,19,1976,1
1120,20,1976,1
1121,21,1976,5
1122,22,1976,1
1123,23,1976,1
1124,24,1976,3
1125,25,1976,3
1126,26,1976,3
1127,27,1976,1
1128,28,1976,1
1129,29,1976,1
1130,30,1976,1
1131,31,1976,1
1132,32,1976,1
1133,33,1976,1
1134,34,1976,1
1135,35,1976,1
1136,36,1976,3
1137,37,1976,1
1138,38,1976,3
1139,39,1976,3
1140,40,1976,1
1141,41,1976,1
1142,42,1976,3
1143,43,1976,1
1144,44,1976,1
1145,45,1976,NA
1146,46,1976,1
1147,47,1976,1
1148,48,1976,1
1149,49,1976,1
1150,50,1976,5
1151,51,1976,1
1152,52,1976,1
1153,53,1976,1
1154,54,1976,1
1155,55,1976,1
1156,56,1976,1
1157,57,1976,3
1158,58,1976,1
1159,59,1976,3
1160,60,1976,1
1161,61,1976,5
1162,62,1976,3
1163,63,1976,3
1164,64,1976,1
1165,65,1976,1
1166,66,1976,1
1167,67,1976,3
1168,68,1976,3
1169,69,1976,1
1170,70,1976,1
1171,71,1976,3
1172,72,1976,1
1173,73,1976,3
1174,74,1976,1
1175,75,1976,3
1176,76,1976,3
1177,77,1976,1
1178,78,1976,3
1179,79,1976,1
1180,80,1976,3
1181,81,1976,5
1182,82,1976,1
1183,83,1976,1
1184,84,1976,1
1185,85,1976,1
1186,86,1976,1
1187,87,1976,1
1188,88,1976,1
1189,89,1976,3
1190,90,1976,1
1191,91,1976,1
1192,92,1976,3
1193,93,1976,1
1194,94,1976,3
1195,95,1976,1
1196,96,1976,3
1197,97,1976,NA
1198,98,1976,1
1199,99,1976,3
1200,100,1976,1
1201,1,1977,1
1202,2,1977,1
1203,3,1977,1
1204,4,1977,1
1205,5,1977,3
1206,6,1977,3
1207,7,1977,1
1208,8,1977,NA
1209,9,1977,5
1210,10,1977,3
1211,11,1977,NA
1212,12,1977,1
1213,13,1977,1
1214,14,1977,1
1215,15,1977,1
1216,16,1977,3
1217,17,1977,3
1218,18,1977,1
1219,19,1977,3
1220,20,1977,1
1221,21,1977,NA
1222,22,1977,1
1223,23,1977,3
1224,24,1977,1
1225,25,1977,1
1226,26,1977,1
1227,27,1977,NA
1228,28,1977,1
1229,29,1977,1
1230,30,1977,1
1231,31,1977,1
1232,32,1977,1
1233,33,1977,1
1234,34,1977,1
1235,35,1977,1
1236,36,1977,1
1237,37,1977,1
1238,38,1977,3
1239,39,1977,1
1240,40,1977,3
1241,41,1977,1
1242,42,1977,1
1243,43,1977,1
1244,44,1977,1
1245,45,1977,3
1246,46,1977,3
1247,47,1977,3
1248,48,1977,1
1249,49,1977,NA
1250,50,1977,1
1251,51,1977,1
1252,52,1977,1
1253,53,1977,1
1254,54,1977,3
1255,55,1977,NA
1256,56,1977,1
1257,57,1977,1
1258,58,1977,1
1259,59,1977,3
1260,60,1977,1
1261,61,1977,1
1262,62,1977,1
1263,63,1977,1
1264,64,1977,1
1265,65,1977,1
1266,66,1977,1
1267,67,1977,1
1268,68,1977,1
1269,69,1977,1
1270,70,1977,1
1271,71,1977,NA
1272,72,1977,3
1273,73,1977,NA
1274,74,1977,1
1275,75,1977,3
1276,76,1977,1
1277,77,1977,1
1278,78,1977,1
1279,79,1977,5
1280,80,1977,1
1281,81,1977,1
1282,82,1977,1
1283,83,1977,1
1284,84,1977,1
1285,85,1977,1
1286,86,1977,5
1287,87,1977,1
1288,88,1977,1
1289,89,1977,3
1290,90,1977,1
1291,91,1977,1
1292,92,1977,1
1293,93,1977,1
1294,94,1977,1
1295,95,1977,1
1296,96,1977,5
1297,97,1977,1
1298,98,1977,1
1299,99,1977,3
1300,100,1977,NA
1301,1,1978,1
1302,2,1978,1
1303,3,1978,1
1304,4,1978,1
1305,5,1978,1
1306,6,1978,1
1307,7,1978,1
1308,8,1978,1
1309,9,1978,1
1310,10,1978,1
1311,11,1978,1
1312,12,1978,3
1313,13,1978,NA
1314,14,1978,1
1315,15,1978,1
1316,16,1978,3
1317,17,1978,1
1318,18,1978,1
1319,19,1978,1
1320,20,1978,1
1321,21,1978,1
1322,22,1978,1
1323,23,1978,3
1324,24,1978,1
1325,25,1978,NA
1326,26,1978,1
1327,27,1978,1
1328,28,1978,3
1329,29,1978,3
1330,30,1978,1
1331,31,1978,3
1332,32,1978,1
1333,33,1978,1
1334,34,1978,1
1335,35,1978,1
1336,36,1978,1
1337,37,1978,1
1338,38,1978,3
1339,39,1978,1
1340,40,1978,1
1341,41,1978,1
1342,42,1978,1
1343,43,1978,1
1344,44,1978,1
1345,45,1978,1
1346,46,1978,1
1347,47,1978,1
1348,48,1978,1
1349,49,1978,1
1350,50,1978,1
1351,51,1978,1
1352,52,1978,NA
1353,53,1978,3
1354,54,1978,1
1355,55,1978,1
1356,56,1978,1
1357,57,1978,5
1358,58,1978,5
1359,59,1978,1
1360,60,1978,1
1361,61,1978,1
1362,62,1978,1
1363,63,1978,1
1364,64,1978,1
1365,65,1978,1
1366,66,1978,1
1367,67,1978,1
1368,68,1978,3
1369,69,1978,NA
1370,70,1978,1
1371,71,1978,1
1372,72,1978,1
1373,73,1978,1
1374,74,1978,1
1375,75,1978,1
1376,76,1978,1
1377,77,1978,3
1378,78,1978,1
1379,79,1978,3
1380,80,1978,1
1381,81,1978,3
1382,82,1978,1
1383,83,1978,3
1384,84,1978,1
1385,85,1978,1
1386,86,1978,1
1387,87,1978,1
1388,88,1978,3
1389,89,1978,5
1390,90,1978,1
1391,91,1978,1
1392,92,1978,1
1393,93,1978,1
1394,94,1978,1
1395,95,1978,5
1396,96,1978,1
1397,97,1978,1
1398,98,1978,1
1399,99,1978,3
1400,100,1978,1
1401,1,1979,1
1402,2,1979,1
1403,3,1979,1
1404,4,1979,1
1405,5,1979,3
1406,6,1979,1
1407,7,1979,1
1408,8,1979,1
1409,9,1979,1
1410,10,1979,1
1411,11,1979,1
1412,12,1979,3
1413,13,1979,1
1414,14,1979,3
1415,15,1979,3
1416,16,1979,1
1417,17,1979,1
1418,18,1979,1
1419,19,1979,1
1420,20,1979,1
1421,21,1979,NA
1422,22,1979,1
1423,23,1979,3
1424,24,1979,1
1425,25,1979,NA
1426,26,1979,1
1427,27,1979,1
1428,28,1979,1
1429,29,1979,1
1430,30,1979,5
1431,31,1979,3
1432,32,1979,1
1433,33,1979,1
1434,34,1979,1
1435,35,1979,1
1436,36,1979,1
1437,37,1979,1
1438,38,1979,3
1439,39,1979,1
1440,40,1979,1
1441,41,1979,1
1442,42,1979,1
1443,43,1979,1
1444,44,1979,1
1445,45,1979,1
1446,46,1979,NA
1447,47,1979,1
1448,48,1979,1
1449,49,1979,3
1450,50,1979,3
1451,51,1979,3
1452,52,1979,3
1453,53,1979,1
1454,54,1979,1
1455,55,1979,NA
1456,56,1979,1
1457,57,1979,3
1458,58,1979,1
1459,59,1979,1
1460,60,1979,1
1461,61,1979,1
1462,62,1979,1
1463,63,1979,1
1464,64,1979,3
1465,65,1979,5
1466,66,1979,1
1467,67,1979,1
1468,68,1979,3
1469,69,1979,1
1470,70,1979,1
1471,71,1979,1
1472,72,1979,1
1473,73,1979,1
1474,74,1979,1
1475,75,1979,1
1476,76,1979,1
1477,77,1979,3
1478,78,1979,3
1479,79,1979,1
1480,80,1979,1
1481,81,1979,1
1482,82,1979,1
1483,83,1979,3
1484,84,1979,1
1485,85,1979,1
1486,86,1979,3
1487,87,1979,1
1488,88,1979,1
1489,89,1979,3
1490,90,1979,3
1491,91,1979,1
1492,92,1979,1
1493,93,1979,1
1494,94,1979,NA
1495,95,1979,1
1496,96,1979,5
1497,97,1979,1
1498,98,1979,1
1499,99,1979,5
1500,100,1979,1
1501,1,1980,1
1502,2,1980,1
1503,3,1980,1
1504,4,1980,1
1505,5,1980,3
1506,6,1980,1
1507,7,1980,1
1508,8,1980,1
1509,9,1980,1
1510,10,1980,1
1511,11,1980,3
1512,12,1980,1
1513,13,1980,1
1514,14,1980,3
1515,15,1980,1
1516,16,1980,1
1517,17,1980,1
1518,18,1980,1
1519,19,1980,NA
1520,20,1980,1
1521,21,1980,1
1522,22,1980,3
1523,23,1980,1
1524,24,1980,NA
1525,25,1980,1
1526,26,1980,1
1527,27,1980,1
1528,28,1980,1
1529,29,1980,NA
1530,30,1980,NA
1531,31,1980,5
1532,32,1980,1
1533,33,1980,1
1534,34,1980,1
1535,35,1980,3
1536,36,1980,3
1537,37,1980,5
1538,38,1980,3
1539,39,1980,1
1540,40,1980,3
1541,41,1980,3
1542,42,1980,3
1543,43,1980,1
1544,44,1980,5
1545,45,1980,1
1546,46,1980,3
1547,47,1980,3
1548,48,1980,3
1549,49,1980,1
1550,50,1980,1
1551,51,1980,1
1552,52,1980,1
1553,53,1980,3
1554,54,1980,1
1555,55,1980,1
1556,56,1980,1
1557,57,1980,1
1558,58,1980,1
1559,59,1980,1
1560,60,1980,1
1561,61,1980,1
1562,62,1980,NA
1563,63,1980,5
1564,64,1980,1
1565,65,1980,1
1566,66,1980,1
1567,67,1980,1
1568,68,1980,1
1569,69,1980,1
1570,70,1980,3
1571,71,1980,1
1572,72,1980,3
1573,73,1980,1
1574,74,1980,1
1575,75,1980,1
1576,76,1980,1
1577,77,1980,NA
1578,78,1980,3
1579,79,1980,1
1580,80,1980,3
1581,81,1980,3
1582,82,1980,1
1583,83,1980,1
1584,84,1980,3
1585,85,1980,1
1586,86,1980,1
1587,87,1980,1
1588,88,1980,3
1589,89,1980,1
1590,90,1980,1
1591,91,1980,1
1592,92,1980,1
1593,93,1980,1
1594,94,1980,1
1595,95,1980,1
1596,96,1980,1
1597,97,1980,1
1598,98,1980,1
1599,99,1980,1
1600,100,1980,1
1601,1,1981,1
1602,2,1981,3
1603,3,1981,1
1604,4,1981,1
1605,5,1981,1
1606,6,1981,3
1607,7,1981,3
1608,8,1981,1
1609,9,1981,1
1610,10,1981,1
1611,11,1981,3
1612,12,1981,1
1613,13,1981,1
1614,14,1981,1
1615,15,1981,1
1616,16,1981,NA
1617,17,1981,1
1618,18,1981,3
1619,19,1981,3
1620,20,1981,1
1621,21,1981,1
1622,22,1981,1
1623,23,1981,1
1624,24,1981,3
1625,25,1981,1
1626,26,1981,1
1627,27,1981,1
1628,28,1981,1
1629,29,1981,3
1630,30,1981,1
1631,31,1981,3
1632,32,1981,1
1633,33,1981,5
1634,34,1981,1
1635,35,1981,1
1636,36,1981,3
1637,37,1981,1
1638,38,1981,1
1639,39,1981,1
1640,40,1981,1
1641,41,1981,1
1642,42,1981,1
1643,43,1981,3
1644,44,1981,1
1645,45,1981,1
1646,46,1981,1
1647,47,1981,1
1648,48,1981,1
1649,49,1981,1
1650,50,1981,3
1651,51,1981,5
1652,52,1981,1
1653,53,1981,3
1654,54,1981,1
1655,55,1981,NA
1656,56,1981,1
1657,57,1981,1
1658,58,1981,5
1659,59,1981,3
1660,60,1981,1
1661,61,1981,1
1662,62,1981,1
1663,63,1981,5
1664,64,1981,1
1665,65,1981,1
1666,66,1981,1
1667,67,1981,1
1668,68,1981,1
1669,69,1981,1
1670,70,1981,1
1671,71,1981,1
1672,72,1981,1
1673,73,1981,1
1674,74,1981,1
1675,75,1981,1
1676,76,1981,1
1677,77,1981,1
1678,78,1981,3
1679,79,1981,1
1680,80,1981,1
1681,81,1981,1
1682,82,1981,5
1683,83,1981,1
1684,84,1981,1
1685,85,1981,NA
1686,86,1981,1
1687,87,1981,1
1688,88,1981,3
1689,89,1981,1
1690,90,1981,NA
1691,91,1981,NA
1692,92,1981,1
1693,93,1981,3
1694,94,1981,1
1695,95,1981,1
1696,96,1981,1
1697,97,1981,1
1698,98,1981,1
1699,99,1981,1
1700,100,1981,1
1701,1,1982,1
1702,2,1982,1
1703,3,1982,1
1704,4,1982,1
1705,5,1982,3
1706,6,1982,1
1707,7,1982,3
1708,8,1982,3
1709,9,1982,1
1710,10,1982,1
1711,11,1982,1
1712,12,1982,1
1713,13,1982,1
1714,14,1982,1
1715,15,1982,5
1716,16,1982,NA
1717,17,1982,1
1718,18,1982,1
1719,19,1982,1
1720,20,1982,1
1721,21,1982,1
1722,22,1982,1
1723,23,1982,1
1724,24,1982,1
1725,25,1982,1
1726,26,1982,5
1727,27,1982,1
1728,28,1982,1
1729,29,1982,1
1730,30,1982,1
1731,31,1982,1
1732,32,1982,1
1733,33,1982,5
1734,34,1982,1
1735,35,1982,1
1736,36,1982,1
1737,37,1982,1
1738,38,1982,1
1739,39,1982,1
1740,40,1982,1
1741,41,1982,1
1742,42,1982,NA
1743,43,1982,1
1744,44,1982,3
1745,45,1982,1
1746,46,1982,1
1747,47,1982,1
1748,48,1982,1
1749,49,1982,NA
1750,50,1982,1
1751,51,1982,1
1752,52,1982,1
1753,53,1982,1
1754,54,1982,1
1755,55,1982,1
1756,56,1982,3
1757,57,1982,3
1758,58,1982,5
1759,59,1982,1
1760,60,1982,1
1761,61,1982,1
1762,62,1982,1
1763,63,1982,1
1764,64,1982,1
1765,65,1982,1
1766,66,1982,3
1767,67,1982,1
1768,68,1982,1
1769,69,1982,1
1770,70,1982,1
1771,71,1982,1
1772,72,1982,1
1773,73,1982,1
1774,74,1982,3
1775,75,1982,1
1776,76,1982,1
1777,77,1982,1
1778,78,1982,3
1779,79,1982,1
1780,80,1982,1
1781,81,1982,1
1782,82,1982,3
1783,83,1982,1
1784,84,1982,1
1785,85,1982,3
1786,86,1982,1
1787,87,1982,1
1788,88,1982,1
1789,89,1982,3
1790,90,1982,1
1791,91,1982,1
1792,92,1982,1
1793,93,1982,NA
1794,94,1982,3
1795,95,1982,1
1796,96,1982,1
1797,97,1982,3
1798,98,1982,1
1799,99,1982,1
1800,100,1982,1
1801,1,1983,1
1802,2,1983,1
1803,3,1983,1
1804,4,1983,1
1805,5,1983,1
1806,6,1983,1
1807,7,1983,3
1808,8,1983,1
1809,9,1983,1
1810,10,1983,1
1811,11,1983,1
1812,12,1983,1
1813,13,1983,1
1814,14,1983,3
1815,15,1983,1
1816,16,1983,1
1817,17,1983,1
1818,18,1983,1
1819,19,1983,1
1820,20,1983,1
1821,21,1983,1
1822,22,1983,1
1823,23,1983,1
1824,24,1983,1
1825,25,1983,1
1826,26,1983,3
1827,27,1983,1
1828,28,1983,1
1829,29,1983,1
1830,30,1983,3
1831,31,1983,1
1832,32,1983,1
1833,33,1983,1
1834,34,1983,1
1835,35,1983,3
1836,36,1983,1
1837,37,1983,1
1838,38,1983,1
1839,39,1983,3
1840,40,1983,1
1841,41,1983,1
1842,42,1983,1
1843,43,1983,1
1844,44,1983,1
1845,45,1983,1
1846,46,1983,1
1847,47,1983,1
1848,48,1983,1
1849,49,1983,1
1850,50,1983,1
1851,51,1983,NA
1852,52,1983,1
1853,53,1983,1
1854,54,1983,1
1855,55,1983,1
1856,56,1983,1
1857,57,1983,1
1858,58,1983,1
1859,59,1983,1
1860,60,1983,1
1861,61,1983,1
1862,62,1983,1
1863,63,1983,3
1864,64,1983,1
1865,65,1983,1
1866,66,1983,1
1867,67,1983,3
1868,68,1983,1
1869,69,1983,1
1870,70,1983,1
1871,71,1983,1
1872,72,1983,1
1873,73,1983,1
1874,74,1983,1
1875,75,1983,1
1876,76,1983,1
1877,77,1983,1
1878,78,1983,3
1879,79,1983,1
1880,80,1983,1
1881,81,1983,1
1882,82,1983,1
1883,83,1983,1
1884,84,1983,NA
1885,85,1983,3
1886,86,1983,1
1887,87,1983,1
1888,88,1983,1
1889,89,1983,1
1890,90,1983,1
1891,91,1983,1
1892,92,1983,1
1893,93,1983,1
1894,94,1983,1
1895,95,1983,1
1896,96,1983,1
1897,97,1983,1
1898,98,1983,1
1899,99,1983,1
1900,100,1983,3
1901,1,1984,1
1902,2,1984,1
1903,3,1984,1
1904,4,1984,1
1905,5,1984,1
1906,6,1984,1
1907,7,1984,1
1908,8,1984,1
1909,9,1984,1
1910,10,1984,1
1911,11,1984,1
1912,12,1984,1
1913,13,1984,1
1914,14,1984,1
1915,15,1984,1
1916,16,1984,1
1917,17,1984,1
1918,18,1984,1
1919,19,1984,3
1920,20,1984,1
1921,21,1984,1
1922,22,1984,5
1923,23,1984,1
1924,24,1984,3
1925,25,1984,1
1926,26,1984,1
1927,27,1984,3
1928,28,1984,1
1929,29,1984,1
1930,30,1984,3
1931,31,1984,1
1932,32,1984,1
1933,33,1984,1
1934,34,1984,1
1935,35,1984,1
1936,36,1984,1
1937,37,1984,1
1938,38,1984,1
1939,39,1984,1
1940,40,1984,1
1941,41,1984,1
1942,42,1984,1
1943,43,1984,1
1944,44,1984,3
1945,45,1984,1
1946,46,1984,1
1947,47,1984,1
1948,48,1984,1
1949,49,1984,1
1950,50,1984,1
1951,51,1984,1
1952,52,1984,1
1953,53,1984,1
1954,54,1984,1
1955,55,1984,3
1956,56,1984,1
1957,57,1984,1
1958,58,1984,1
1959,59,1984,3
1960,60,1984,1
1961,61,1984,3
1962,62,1984,1
1963,63,1984,1
1964,64,1984,3
1965,65,1984,1
1966,66,1984,1
1967,67,1984,1
1968,68,1984,1
1969,69,1984,1
1970,70,1984,3
1971,71,1984,5
1972,72,1984,1
1973,73,1984,1
1974,74,1984,1
1975,75,1984,NA
1976,76,1984,1
1977,77,1984,1
1978,78,1984,1
1979,79,1984,1
1980,80,1984,NA
1981,81,1984,1
1982,82,1984,1
1983,83,1984,1
1984,84,1984,3
1985,85,1984,1
1986,86,1984,3
1987,87,1984,1
1988,88,1984,1
1989,89,1984,1
1990,90,1984,3
1991,91,1984,1
1992,92,1984,1
1993,93,1984,3
1994,94,1984,3
1995,95,1984,1
1996,96,1984,1
1997,97,1984,1
1998,98,1984,1
1999,99,1984,1
2000,100,1984,3
2001,1,1985,1
2002,2,1985,1
2003,3,1985,1
2004,4,1985,1
2005,5,1985,1
2006,6,1985,3
2007,7,1985,1
2008,8,1985,1
2009,9,1985,1
2010,10,1985,1
2011,11,1985,3
2012,12,1985,3
2013,13,1985,1
2014,14,1985,1
2015,15,1985,1
2016,16,1985,1
2017,17,1985,3
2018,18,1985,1
2019,19,1985,1
2020,20,1985,1
2021,21,1985,1
2022,22,1985,NA
2023,23,1985,1
2024,24,1985,1
2025,25,1985,1
2026,26,1985,1
2027,27,1985,3
2028,28,1985,1
2029,29,1985,1
2030,30,1985,1
2031,31,1985,1
2032,32,1985,1
2033,33,1985,1
2034,34,1985,3
2035,35,1985,1
2036,36,1985,3
2037,37,1985,1
2038,38,1985,1
2039,39,1985,1
2040,40,1985,1
2041,41,1985,1
2042,42,1985,1
2043,43,1985,1
2044,44,1985,1
2045,45,1985,1
2046,46,1985,1
2047,47,1985,1
2048,48,1985,1
2049,49,1985,1
2050,50,1985,1
2051,51,1985,1
2052,52,1985,1
2053,53,1985,3
2054,54,1985,1
2055,55,1985,1
2056,56,1985,1
2057,57,1985,1
2058,58,1985,1
2059,59,1985,1
2060,60,1985,1
2061,61,1985,3
2062,62,1985,1
2063,63,1985,3
2064,64,1985,1
2065,65,1985,1
2066,66,1985,1
2067,67,1985,1
2068,68,1985,1
2069,69,1985,3
2070,70,1985,1
2071,71,1985,1
2072,72,1985,1
2073,73,1985,1
2074,74,1985,1
2075,75,1985,3
2076,76,1985,1
2077,77,1985,1
2078,78,1985,1
2079,79,1985,3
2080,80,1985,3
2081,81,1985,1
2082,82,1985,1
2083,83,1985,3
2084,84,1985,1
2085,85,1985,1
2086,86,1985,3
2087,87,1985,1
2088,88,1985,1
2089,89,1985,3
2090,90,1985,1
2091,91,1985,1
2092,92,1985,1
2093,93,1985,1
2094,94,1985,1
2095,95,1985,1
2096,96,1985,1
2097,97,1985,1
2098,98,1985,1
2099,99,1985,1
2100,100,1985,1
2101,1,1986,NA
2102,2,1986,1
2103,3,1986,1
2104,4,1986,1
2105,5,1986,1
2106,6,1986,1
2107,7,1986,1
2108,8,1986,1
2109,9,1986,1
2110,10,1986,1
2111,11,1986,1
2112,12,1986,1
2113,13,1986,3
2114,14,1986,1
2115,15,1986,1
2116,16,1986,1
2117,17,1986,1
2118,18,1986,1
2119,19,1986,1
2120,20,1986,1
2121,21,1986,3
2122,22,1986,1
2123,23,1986,1
2124,24,1986,1
2125,25,1986,3
2126,26,1986,NA
2127,27,1986,1
2128,28,1986,1
2129,29,1986,1
2130,30,1986,1
2131,31,1986,1
2132,32,1986,1
2133,33,1986,1
2134,34,1986,1
2135,35,1986,1
2136,36,1986,1
2137,37,1986,1
2138,38,1986,1
2139,39,1986,1
2140,40,1986,1
2141,41,1986,1
2142,42,1986,1
2143,43,1986,1
2144,44,1986,1
2145,45,1986,1
2146,46,1986,1
2147,47,1986,1
2148,48,1986,1
2149,49,1986,1
2150,50,1986,1
2151,51,1986,3
2152,52,1986,1
2153,53,1986,1
2154,54,1986,1
2155,55,1986,1
2156,56,1986,1
2157,57,1986,1
2158,58,1986,1
2159,59,1986,1
2160,60,1986,5
2161,61,1986,3
2162,62,1986,1
2163,63,1986,1
2164,64,1986,1
2165,65,1986,1
2166,66,1986,5
2167,67,1986,1
2168,68,1986,1
2169,69,1986,1
2170,70,1986,NA
2171,71,1986,1
2172,72,1986,1
2173,73,1986,1
2174,74,1986,3
2175,75,1986,1
2176,76,1986,1
2177,77,1986,3
2178,78,1986,1
2179,79,1986,3
2180,80,1986,1
2181,81,1986,1
2182,82,1986,1
2183,83,1986,1
2184,84,1986,1
2185,85,1986,3
2186,86,1986,1
2187,87,1986,1
2188,88,1986,1
2189,89,1986,NA
2190,90,1986,1
2191,91,1986,1
2192,92,1986,1
2193,93,1986,3
2194,94,1986,1
2195,95,1986,1
2196,96,1986,1
2197,97,1986,1
2198,98,1986,1
2199,99,1986,1
2200,100,1986,1
2201,1,1987,1
2202,2,1987,1
2203,3,1987,1
2204,4,1987,1
2205,5,1987,1
2206,6,1987,1
2207,7,1987,1
2208,8,1987,1
2209,9,1987,1
2210,10,1987,1
2211,11,1987,1
2212,12,1987,1
2213,13,1987,1
2214,14,1987,1
2215,15,1987,1
2216,16,1987,1
2217,17,1987,3
2218,18,1987,1
2219,19,1987,1
2220,20,1987,1
2221,21,1987,3
2222,22,1987,1
2223,23,1987,1
2224,24,1987,1
2225,25,1987,1
2226,26,1987,1
2227,27,1987,1
2228,28,1987,3
2229,29,1987,1
2230,30,1987,1
2231,31,1987,3
2232,32,1987,1
2233,33,1987,5
2234,34,1987,1
2235,35,1987,1
2236,36,1987,1
2237,37,1987,1
2238,38,1987,1
2239,39,1987,1
2240,40,1987,1
2241,41,1987,3
2242,42,1987,1
2243,43,1987,1
2244,44,1987,1
2245,45,1987,1
2246,46,1987,1
2247,47,1987,1
2248,48,1987,1
2249,49,1987,3
2250,50,1987,1
2251,51,1987,1
2252,52,1987,1
2253,53,1987,1
2254,54,1987,1
2255,55,1987,1
2256,56,1987,1
2257,57,1987,1
2258,58,1987,1
2259,59,1987,1
2260,60,1987,1
2261,61,1987,1
2262,62,1987,1
2263,63,1987,1
2264,64,1987,1
2265,65,1987,1
2266,66,1987,1
2267,67,1987,1
2268,68,1987,1
2269,69,1987,1
2270,70,1987,1
2271,71,1987,3
2272,72,1987,1
2273,73,1987,1
2274,74,1987,1
2275,75,1987,1
2276,76,1987,1
2277,77,1987,1
2278,78,1987,1
2279,79,1987,3
2280,80,1987,1
2281,81,1987,1
2282,82,1987,1
2283,83,1987,1
2284,84,1987,1
2285,85,1987,1
2286,86,1987,1
2287,87,1987,1
2288,88,1987,1
2289,89,1987,3
2290,90,1987,1
2291,91,1987,3
2292,92,1987,1
2293,93,1987,3
2294,94,1987,1
2295,95,1987,1
2296,96,1987,1
2297,97,1987,1
2298,98,1987,1
2299,99,1987,3
2300,100,1987,3
2301,1,1988,1
2302,2,1988,1
2303,3,1988,1
2304,4,1988,1
2305,5,1988,1
2306,6,1988,1
2307,7,1988,1
2308,8,1988,1
2309,9,1988,1
2310,10,1988,1
2311,11,1988,1
2312,12,1988,1
2313,13,1988,1
2314,14,1988,1
2315,15,1988,1
2316,16,1988,1
2317,17,1988,1
2318,18,1988,3
2319,19,1988,1
2320,20,1988,1
2321,21,1988,1
2322,22,1988,1
2323,23,1988,1
2324,24,1988,1
2325,25,1988,1
2326,26,1988,1
2327,27,1988,1
2328,28,1988,3
2329,29,1988,1
2330,30,1988,1
2331,31,1988,1
2332,32,1988,1
2333,33,1988,1
2334,34,1988,1
2335,35,1988,5
2336,36,1988,1
2337,37,1988,1
2338,38,1988,1
2339,39,1988,1
2340,40,1988,1
2341,41,1988,1
2342,42,1988,3
2343,43,1988,1
2344,44,1988,1
2345,45,1988,1
2346,46,1988,1
2347,47,1988,1
2348,48,1988,1
2349,49,1988,3
2350,50,1988,1
2351,51,1988,1
2352,52,1988,1
2353,53,1988,1
2354,54,1988,1
2355,55,1988,1
2356,56,1988,1
2357,57,1988,1
2358,58,1988,1
2359,59,1988,NA
2360,60,1988,1
2361,61,1988,1
2362,62,1988,1
2363,63,1988,1
2364,64,1988,1
2365,65,1988,1
2366,66,1988,5
2367,67,1988,1
2368,68,1988,1
2369,69,1988,1
2370,70,1988,1
2371,71,1988,1
2372,72,1988,3
2373,73,1988,1
2374,74,1988,1
2375,75,1988,1
2376,76,1988,1
2377,77,1988,1
2378,78,1988,1
2379,79,1988,1
2380,80,1988,1
2381,81,1988,1
2382,82,1988,1
2383,83,1988,1
2384,84,1988,1
2385,85,1988,1
2386,86,1988,1
2387,87,1988,1
2388,88,1988,1
2389,89,1988,1
2390,90,1988,1
2391,91,1988,1
2392,92,1988,3
2393,93,1988,1
2394,94,1988,1
2395,95,1988,1
2396,96,1988,1
2397,97,1988,1
2398,98,1988,1
2399,99,1988,1
2400,100,1988,1
2401,1,1989,1
2402,2,1989,1
2403,3,1989,1
2404,4,1989,1
2405,5,1989,1
2406,6,1989,1
2407,7,1989,1
2408,8,1989,1
2409,9,1989,1
2410,10,1989,1
2411,11,1989,1
2412,12,1989,1
2413,13,1989,1
2414,14,1989,1
2415,15,1989,1
2416,16,1989,1
2417,17,1989,1
2418,18,1989,1
2419,19,1989,1
2420,20,1989,1
2421,21,1989,1
2422,22,1989,1
2423,23,1989,1
2424,24,1989,1
2425,25,1989,1
2426,26,1989,1
2427,27,1989,1
2428,28,1989,1
2429,29,1989,1
2430,30,1989,1
2431,31,1989,3
2432,32,1989,1
2433,33,1989,1
2434,34,1989,1
2435,35,1989,1
2436,36,1989,1
2437,37,1989,1
2438,38,1989,1
2439,39,1989,1
2440,40,1989,1
2441,41,1989,1
2442,42,1989,1
2443,43,1989,1
2444,44,1989,1
2445,45,1989,3
2446,46,1989,1
2447,47,1989,1
2448,48,1989,1
2449,49,1989,1
2450,50,1989,1
2451,51,1989,3
2452,52,1989,1
2453,53,1989,1
2454,54,1989,1
2455,55,1989,1
2456,56,1989,3
2457,57,1989,1
2458,58,1989,1
2459,59,1989,1
2460,60,1989,1
2461,61,1989,1
2462,62,1989,1
2463,63,1989,1
2464,64,1989,1
2465,65,1989,1
2466,66,1989,1
2467,67,1989,1
2468,68,1989,3
2469,69,1989,1
2470,70,1989,3
2471,71,1989,1
2472,72,1989,1
2473,73,1989,1
2474,74,1989,1
2475,75,1989,1
2476,76,1989,1
2477,77,1989,1
2478,78,1989,1
2479,79,1989,1
2480,80,1989,1
2481,81,1989,1
2482,82,1989,1
2483,83,1989,1
2484,84,1989,3
2485,85,1989,3
2486,86,1989,1
2487,87,1989,1
2488,88,1989,1
2489,89,1989,1
2490,90,1989,1
2491,91,1989,1
2492,92,1989,1
2493,93,1989,1
2494,94,1989,3
2495,95,1989,1
2496,96,1989,1
2497,97,1989,1
2498,98,1989,3
2499,99,1989,3
2500,100,1989,1
2501,1,1990,1
2502,2,1990,1
2503,3,1990,3
2504,4,1990,1
2505,5,1990,1
2506,6,1990,1
2507,7,1990,1
2508,8,1990,1
2509,9,1990,1
2510,10,1990,1
2511,11,1990,1
2512,12,1990,1
2513,13,1990,1
2514,14,1990,1
2515,15,1990,1
2516,16,1990,1
2517,17,1990,1
2518,18,1990,1
2519,19,1990,1
2520,20,1990,1
2521,21,1990,1
2522,22,1990,1
2523,23,1990,1
2524,24,1990,1
2525,25,1990,1
2526,26,1990,1
2527,27,1990,1
2528,28,1990,1
2529,29,1990,1
2530,30,1990,3
2531,31,1990,3
2532,32,1990,1
2533,33,1990,1
2534,34,1990,1
2535,35,1990,1
2536,36,1990,1
2537,37,1990,1
2538,38,1990,1
2539,39,1990,1
2540,40,1990,1
2541,41,1990,1
2542,42,1990,1
2543,43,1990,1
2544,44,1990,1
2545,45,1990,1
2546,46,1990,1
2547,47,1990,1
2548,48,1990,1
2549,49,1990,1
2550,50,1990,3
2551,51,1990,1
2552,52,1990,1
2553,53,1990,1
2554,54,1990,1
2555,55,1990,1
2556,56,1990,1
2557,57,1990,1
2558,58,1990,1
2559,59,1990,1
2560,60,1990,1
2561,61,1990,1
2562,62,1990,3
2563,63,1990,1
2564,64,1990,1
2565,65,1990,1
2566,66,1990,1
2567,67,1990,1
2568,68,1990,1
2569,69,1990,1
2570,70,1990,1
2571,71,1990,1
2572,72,1990,1
2573,73,1990,1
2574,74,1990,1
2575,75,1990,1
2576,76,1990,1
2577,77,1990,1
2578,78,1990,1
2579,79,1990,1
2580,80,1990,3
2581,81,1990,1
2582,82,1990,1
2583,83,1990,1
2584,84,1990,1
2585,85,1990,NA
2586,86,1990,1
2587,87,1990,1
2588,88,1990,1
2589,89,1990,1
2590,90,1990,1
2591,91,1990,1
2592,92,1990,1
2593,93,1990,1
2594,94,1990,1
2595,95,1990,5
2596,96,1990,3
2597,97,1990,3
2598,98,1990,1
2599,99,1990,3
2600,100,1990,NA
2601,1,1991,1
2602,2,1991,1
2603,3,1991,1
2604,4,1991,1
2605,5,1991,1
2606,6,1991,1
2607,7,1991,1
2608,8,1991,1
2609,9,1991,1
2610,10,1991,1
2611,11,1991,1
2612,12,1991,3
2613,13,1991,1
2614,14,1991,1
2615,15,1991,1
2616,16,1991,1
2617,17,1991,1
2618,18,1991,1
2619,19,1991,1
2620,20,1991,1
2621,21,1991,1
2622,22,1991,1
2623,23,1991,1
2624,24,1991,1
2625,25,1991,3
2626,26,1991,1
2627,27,1991,1
2628,28,1991,1
2629,29,1991,1
2630,30,1991,3
2631,31,1991,3
2632,32,1991,3
2633,33,1991,1
2634,34,1991,1
2635,35,1991,1
2636,36,1991,1
2637,37,1991,1
2638,38,1991,3
2639,39,1991,3
2640,40,1991,NA
2641,41,1991,1
2642,42,1991,1
2643,43,1991,1
2644,44,1991,1
2645,45,1991,3
2646,46,1991,1
2647,47,1991,1
2648,48,1991,1
2649,49,1991,1
2650,50,1991,1
2651,51,1991,1
2652,52,1991,3
2653,53,1991,5
2654,54,1991,1
2655,55,1991,1
2656,56,1991,1
2657,57,1991,1
2658,58,1991,3
2659,59,1991,1
2660,60,1991,NA
2661,61,1991,5
2662,62,1991,3
2663,63,1991,1
2664,64,1991,1
2665,65,1991,1
2666,66,1991,1
2667,67,1991,3
2668,68,1991,1
2669,69,1991,1
2670,70,1991,1
2671,71,1991,1
2672,72,1991,1
2673,73,1991,1
2674,74,1991,1
2675,75,1991,1
2676,76,1991,1
2677,77,1991,1
2678,78,1991,1
2679,79,1991,1
2680,80,1991,1
2681,81,1991,3
2682,82,1991,3
2683,83,1991,1
2684,84,1991,3
2685,85,1991,1
2686,86,1991,1
2687,87,1991,1
2688,88,1991,1
2689,89,1991,3
2690,90,1991,1
2691,91,1991,1
2692,92,1991,1
2693,93,1991,1
2694,94,1991,1
2695,95,1991,1
2696,96,1991,1
2697,97,1991,1
2698,98,1991,NA
2699,99,1991,1
2700,100,1991,1
2701,1,1992,1
2702,2,1992,1
2703,3,1992,1
2704,4,1992,1
2705,5,1992,1
2706,6,1992,1
2707,7,1992,1
2708,8,1992,1
2709,9,1992,1
2710,10,1992,1
2711,11,1992,1
2712,12,1992,1
2713,13,1992,1
2714,14,1992,1
2715,15,1992,1
2716,16,1992,1
2717,17,1992,1
2718,18,1992,1
2719,19,1992,1
2720,20,1992,1
2721,21,1992,1
2722,22,1992,1
2723,23,1992,1
2724,24,1992,1
2725,25,1992,1
2726,26,1992,1
2727,27,1992,1
2728,28,1992,1
2729,29,1992,1
2730,30,1992,3
2731,31,1992,3
2732,32,1992,1
2733,33,1992,1
2734,34,1992,1
2735,35,1992,1
2736,36,1992,1
2737,37,1992,1
2738,38,1992,1
2739,39,1992,1
2740,40,1992,1
2741,41,1992,1
2742,42,1992,1
2743,43,1992,1
2744,44,1992,1
2745,45,1992,1
2746,46,1992,NA
2747,47,1992,5
2748,48,1992,1
2749,49,1992,3
2750,50,1992,NA
2751,51,1992,1
2752,52,1992,1
2753,53,1992,1
2754,54,1992,1
2755,55,1992,1
2756,56,1992,1
2757,57,1992,1
2758,58,1992,1
2759,59,1992,3
2760,60,1992,1
2761,61,1992,1
2762,62,1992,1
2763,63,1992,3
2764,64,1992,1
2765,65,1992,3
2766,66,1992,1
2767,67,1992,1
2768,68,1992,1
2769,69,1992,1
2770,70,1992,1
2771,71,1992,1
2772,72,1992,1
2773,73,1992,1
2774,74,1992,1
2775,75,1992,1
2776,76,1992,3
2777,77,1992,1
2778,78,1992,3
2779,79,1992,1
2780,80,1992,1
2781,81,1992,1
2782,82,1992,1
2783,83,1992,1
2784,84,1992,1
2785,85,1992,1
2786,86,1992,3
2787,87,1992,1
2788,88,1992,1
2789,89,1992,1
2790,90,1992,3
2791,91,1992,1
2792,92,1992,1
2793,93,1992,1
2794,94,1992,3
2795,95,1992,1
2796,96,1992,1
2797,97,1992,1
2798,98,1992,1
2799,99,1992,1
2800,100,1992,1
2801,1,1993,1
2802,2,1993,1
2803,3,1993,1
2804,4,1993,1
2805,5,1993,1
2806,6,1993,1
2807,7,1993,1
2808,8,1993,1
2809,9,1993,NA
2810,10,1993,1
2811,11,1993,1
2812,12,1993,1
2813,13,1993,1
2814,14,1993,1
2815,15,1993,1
2816,16,1993,3
2817,17,1993,1
2818,18,1993,1
2819,19,1993,1
2820,20,1993,1
2821,21,1993,1
2822,22,1993,1
2823,23,1993,1
2824,24,1993,1
2825,25,1993,1
2826,26,1993,1
2827,27,1993,1
2828,28,1993,1
2829,29,1993,1
2830,30,1993,1
2831,31,1993,1
2832,32,1993,1
2833,33,1993,1
2834,34,1993,1
2835,35,1993,1
2836,36,1993,1
2837,37,1993,1
2838,38,1993,1
2839,39,1993,1
2840,40,1993,1
2841,41,1993,1
2842,42,1993,1
2843,43,1993,1
2844,44,1993,3
2845,45,1993,1
2846,46,1993,1
2847,47,1993,1
2848,48,1993,1
2849,49,1993,1
2850,50,1993,1
2851,51,1993,1
2852,52,1993,1
2853,53,1993,3
2854,54,1993,1
2855,55,1993,1
2856,56,1993,1
2857,57,1993,1
2858,58,1993,1
2859,59,1993,3
2860,60,1993,1
2861,61,1993,1
2862,62,1993,1
2863,63,1993,1
2864,64,1993,1
2865,65,1993,1
2866,66,1993,1
2867,67,1993,1
2868,68,1993,1
2869,69,1993,1
2870,70,1993,5
2871,71,1993,1
2872,72,1993,1
2873,73,1993,1
2874,74,1993,1
2875,75,1993,3
2876,76,1993,1
2877,77,1993,3
2878,78,1993,1
2879,79,1993,1
2880,80,1993,3
2881,81,1993,1
2882,82,1993,1
2883,83,1993,1
2884,84,1993,1
2885,85,1993,1
2886,86,1993,1
2887,87,1993,1
2888,88,1993,3
2889,89,1993,1
2890,90,1993,1
2891,91,1993,1
2892,92,1993,5
2893,93,1993,1
2894,94,1993,1
2895,95,1993,1
2896,96,1993,1
2897,97,1993,3
2898,98,1993,1
2899,99,1993,1
2900,100,1993,1
2901,1,1994,1
2902,2,1994,NA
2903,3,1994,1
2904,4,1994,3
2905,5,1994,1
2906,6,1994,1
2907,7,1994,1
2908,8,1994,3
2909,9,1994,1
2910,10,1994,1
2911,11,1994,1
2912,12,1994,1
2913,13,1994,1
2914,14,1994,NA
2915,15,1994,1
2916,16,1994,NA
2917,17,1994,1
2918,18,1994,1
2919,19,1994,1
2920,20,1994,1
2921,21,1994,1
2922,22,1994,1
2923,23,1994,1
2924,24,1994,3
2925,25,1994,1
2926,26,1994,1
2927,27,1994,1
2928,28,1994,NA
2929,29,1994,NA
2930,30,1994,1
2931,31,1994,1
2932,32,1994,5
2933,33,1994,1
2934,34,1994,1
2935,35,1994,1
2936,36,1994,1
2937,37,1994,1
2938,38,1994,1
2939,39,1994,3
2940,40,1994,1
2941,41,1994,3
2942,42,1994,1
2943,43,1994,1
2944,44,1994,1
2945,45,1994,1
2946,46,1994,1
2947,47,1994,1
2948,48,1994,1
2949,49,1994,3
2950,50,1994,1
2951,51,1994,1
2952,52,1994,1
2953,53,1994,1
2954,54,1994,1
2955,55,1994,1
2956,56,1994,1
2957,57,1994,1
2958,58,1994,1
2959,59,1994,5
2960,60,1994,1
2961,61,1994,1
2962,62,1994,NA
2963,63,1994,1
2964,64,1994,1
2965,65,1994,1
2966,66,1994,1
2967,67,1994,1
2968,68,1994,1
2969,69,1994,1
2970,70,1994,1
2971,71,1994,1
2972,72,1994,1
2973,73,1994,1
2974,74,1994,1
2975,75,1994,1
2976,76,1994,1
2977,77,1994,1
2978,78,1994,1
2979,79,1994,1
2980,80,1994,1
2981,81,1994,1
2982,82,1994,1
2983,83,1994,1
2984,84,1994,1
2985,85,1994,1
2986,86,1994,1
2987,87,1994,1
2988,88,1994,3
2989,89,1994,1
2990,90,1994,1
2991,91,1994,1
2992,92,1994,1
2993,93,1994,1
2994,94,1994,1
2995,95,1994,5
2996,96,1994,1
2997,97,1994,1
2998,98,1994,1
2999,99,1994,1
3000,100,1994,1
3001,1,1995,1
3002,2,1995,1
3003,3,1995,1
3004,4,1995,1
3005,5,1995,1
3006,6,1995,1
3007,7,1995,1
3008,8,1995,1
3009,9,1995,1
3010,10,1995,1
3011,11,1995,1
3012,12,1995,1
3013,13,1995,1
3014,14,1995,1
3015,15,1995,NA
3016,16,1995,1
3017,17,1995,1
3018,18,1995,1
3019,19,1995,3
3020,20,1995,1
3021,21,1995,1
3022,22,1995,3
3023,23,1995,1
3024,24,1995,1
3025,25,1995,1
3026,26,1995,3
3027,27,1995,1
3028,28,1995,1
3029,29,1995,1
3030,30,1995,1
3031,31,1995,1
3032,32,1995,1
3033,33,1995,3
3034,34,1995,1
3035,35,1995,1
3036,36,1995,1
3037,37,1995,1
3038,38,1995,1
3039,39,1995,1
3040,40,1995,1
3041,41,1995,1
3042,42,1995,1
3043,43,1995,1
3044,44,1995,1
3045,45,1995,1
3046,46,1995,1
3047,47,1995,3
3048,48,1995,1
3049,49,1995,1
3050,50,1995,1
3051,51,1995,1
3052,52,1995,1
3053,53,1995,3
3054,54,1995,1
3055,55,1995,1
3056,56,1995,1
3057,57,1995,NA
3058,58,1995,1
3059,59,1995,1
3060,60,1995,1
3061,61,1995,1
3062,62,1995,1
3063,63,1995,1
3064,64,1995,1
3065,65,1995,1
3066,66,1995,1
3067,67,1995,1
3068,68,1995,3
3069,69,1995,1
3070,70,1995,1
3071,71,1995,1
3072,72,1995,1
3073,73,1995,1
3074,74,1995,1
3075,75,1995,1
3076,76,1995,1
3077,77,1995,1
3078,78,1995,1
3079,79,1995,1
3080,80,1995,1
3081,81,1995,1
3082,82,1995,1
3083,83,1995,1
3084,84,1995,1
3085,85,1995,1
3086,86,1995,1
3087,87,1995,1
3088,88,1995,1
3089,89,1995,NA
3090,90,1995,1
3091,91,1995,1
3092,92,1995,1
3093,93,1995,1
3094,94,1995,1
3095,95,1995,1
3096,96,1995,3
3097,97,1995,1
3098,98,1995,1
3099,99,1995,1
3100,100,1995,1
3101,1,1996,1
3102,2,1996,1
3103,3,1996,1
3104,4,1996,3
3105,5,1996,1
3106,6,1996,1
3107,7,1996,NA
3108,8,1996,1
3109,9,1996,NA
3110,10,1996,1
3111,11,1996,1
3112,12,1996,1
3113,13,1996,1
3114,14,1996,1
3115,15,1996,NA
3116,16,1996,1
3117,17,1996,NA
3118,18,1996,5
3119,19,1996,1
3120,20,1996,1
3121,21,1996,1
3122,22,1996,1
3123,23,1996,1
3124,24,1996,1
3125,25,1996,1
3126,26,1996,1
3127,27,1996,1
3128,28,1996,1
3129,29,1996,NA
3130,30,1996,1
3131,31,1996,1
3132,32,1996,1
3133,33,1996,1
3134,34,1996,1
3135,35,1996,3
3136,36,1996,1
3137,37,1996,1
3138,38,1996,NA
3139,39,1996,1
3140,40,1996,3
3141,41,1996,1
3142,42,1996,1
3143,43,1996,1
3144,44,1996,3
3145,45,1996,1
3146,46,1996,NA
3147,47,1996,1
3148,48,1996,1
3149,49,1996,1
3150,50,1996,3
3151,51,1996,1
3152,52,1996,1
3153,53,1996,1
3154,54,1996,1
3155,55,1996,1
3156,56,1996,1
3157,57,1996,1
3158,58,1996,1
3159,59,1996,3
3160,60,1996,1
3161,61,1996,1
3162,62,1996,1
3163,63,1996,1
3164,64,1996,NA
3165,65,1996,3
3166,66,1996,3
3167,67,1996,1
3168,68,1996,1
3169,69,1996,1
3170,70,1996,1
3171,71,1996,1
3172,72,1996,1
3173,73,1996,1
3174,74,1996,NA
3175,75,1996,1
3176,76,1996,1
3177,77,1996,1
3178,78,1996,1
3179,79,1996,1
3180,80,1996,1
3181,81,1996,1
3182,82,1996,1
3183,83,1996,1
3184,84,1996,1
3185,85,1996,3
3186,86,1996,1
3187,87,1996,1
3188,88,1996,1
3189,89,1996,1
3190,90,1996,3
3191,91,1996,1
3192,92,1996,1
3193,93,1996,1
3194,94,1996,1
3195,95,1996,1
3196,96,1996,1
3197,97,1996,1
3198,98,1996,1
3199,99,1996,3
3200,100,1996,1
3201,1,1997,NA
3202,2,1997,NA
3203,3,1997,1
3204,4,1997,1
3205,5,1997,1
3206,6,1997,1
3207,7,1997,1
3208,8,1997,1
3209,9,1997,1
3210,10,1997,1
3211,11,1997,1
3212,12,1997,3
3213,13,1997,1
3214,14,1997,1
3215,15,1997,1
3216,16,1997,1
3217,17,1997,1
3218,18,1997,1
3219,19,1997,1
3220,20,1997,1
3221,21,1997,3
3222,22,1997,1
3223,23,1997,1
3224,24,1997,NA
3225,25,1997,1
3226,26,1997,3
3227,27,1997,1
3228,28,1997,1
3229,29,1997,1
3230,30,1997,1
3231,31,1997,1
3232,32,1997,1
3233,33,1997,1
3234,34,1997,1
3235,35,1997,1
3236,36,1997,1
3237,37,1997,1
3238,38,1997,1
3239,39,1997,1
3240,40,1997,1
3241,41,1997,1
3242,42,1997,1
3243,43,1997,1
3244,44,1997,1
3245,45,1997,1
3246,46,1997,1
3247,47,1997,NA
3248,48,1997,1
3249,49,1997,1
3250,50,1997,5
3251,51,1997,1
3252,52,1997,1
3253,53,1997,1
3254,54,1997,1
3255,55,1997,1
3256,56,1997,1
3257,57,1997,1
3258,58,1997,3
3259,59,1997,NA
3260,60,1997,3
3261,61,1997,1
3262,62,1997,1
3263,63,1997,1
3264,64,1997,1
3265,65,1997,1
3266,66,1997,1
3267,67,1997,1
3268,68,1997,NA
3269,69,1997,3
3270,70,1997,1
3271,71,1997,1
3272,72,1997,3
3273,73,1997,1
3274,74,1997,1
3275,75,1997,1
3276,76,1997,1
3277,77,1997,1
3278,78,1997,1
3279,79,1997,1
3280,80,1997,1
3281,81,1997,1
3282,82,1997,1
3283,83,1997,3
3284,84,1997,1
3285,85,1997,1
3286,86,1997,5
3287,87,1997,1
3288,88,1997,1
3289,89,1997,1
3290,90,1997,1
3291,91,1997,1
3292,92,1997,3
3293,93,1997,1
3294,94,1997,1
3295,95,1997,NA
3296,96,1997,1
3297,97,1997,3
3298,98,1997,NA
3299,99,1997,1
3300,100,1997,3
3301,1,1998,1
3302,2,1998,1
3303,3,1998,1
3304,4,1998,1
3305,5,1998,1
3306,6,1998,3
3307,7,1998,NA
3308,8,1998,1
3309,9,1998,3
3310,10,1998,1
3311,11,1998,1
3312,12,1998,1
3313,13,1998,1
3314,14,1998,1
3315,15,1998,1
3316,16,1998,1
3317,17,1998,1
3318,18,1998,3
3319,19,1998,1
3320,20,1998,1
3321,21,1998,1
3322,22,1998,1
3323,23,1998,1
3324,24,1998,NA
3325,25,1998,1
3326,26,1998,1
3327,27,1998,1
3328,28,1998,1
3329,29,1998,1
3330,30,1998,1
3331,31,1998,1
3332,32,1998,1
3333,33,1998,1
3334,34,1998,1
3335,35,1998,3
3336,36,1998,3
3337,37,1998,3
3338,38,1998,1
3339,39,1998,1
3340,40,1998,1
3341,41,1998,1
3342,42,1998,1
3343,43,1998,1
3344,44,1998,1
3345,45,1998,1
3346,46,1998,1
3347,47,1998,1
3348,48,1998,NA
3349,49,1998,1
3350,50,1998,1
3351,51,1998,1
3352,52,1998,NA
3353,53,1998,1
3354,54,1998,1
3355,55,1998,1
3356,56,1998,1
3357,57,1998,1
3358,58,1998,1
3359,59,1998,1
3360,60,1998,1
3361,61,1998,1
3362,62,1998,1
3363,63,1998,1
3364,64,1998,1
3365,65,1998,3
3366,66,1998,1
3367,67,1998,1
3368,68,1998,1
3369,69,1998,1
3370,70,1998,3
3371,71,1998,1
3372,72,1998,1
3373,73,1998,1
3374,74,1998,1
3375,75,1998,1
3376,76,1998,1
3377,77,1998,1
3378,78,1998,3
3379,79,1998,1
3380,80,1998,1
3381,81,1998,1
3382,82,1998,1
3383,83,1998,1
3384,84,1998,1
3385,85,1998,3
3386,86,1998,1
3387,87,1998,NA
3388,88,1998,1
3389,89,1998,1
3390,90,1998,1
3391,91,1998,1
3392,92,1998,1
3393,93,1998,1
3394,94,1998,1
3395,95,1998,1
3396,96,1998,1
3397,97,1998,1
3398,98,1998,1
3399,99,1998,1
3400,100,1998,1
3401,1,1999,1
3402,2,1999,1
3403,3,1999,1
3404,4,1999,1
3405,5,1999,1
3406,6,1999,3
3407,7,1999,1
3408,8,1999,1
3409,9,1999,1
3410,10,1999,1
3411,11,1999,1
3412,12,1999,1
3413,13,1999,1
3414,14,1999,1
3415,15,1999,1
3416,16,1999,1
3417,17,1999,1
3418,18,1999,1
3419,19,1999,1
3420,20,1999,1
3421,21,1999,1
3422,22,1999,NA
3423,23,1999,1
3424,24,1999,1
3425,25,1999,1
3426,26,1999,1
3427,27,1999,1
3428,28,1999,1
3429,29,1999,1
3430,30,1999,1
3431,31,1999,1
3432,32,1999,1
3433,33,1999,1
3434,34,1999,1
3435,35,1999,1
3436,36,1999,1
3437,37,1999,1
3438,38,1999,1
3439,39,1999,1
3440,40,1999,1
3441,41,1999,1
3442,42,1999,1
3443,43,1999,1
3444,44,1999,1
3445,45,1999,3
3446,46,1999,1
3447,47,1999,1
3448,48,1999,NA
3449,49,1999,1
3450,50,1999,1
3451,51,1999,1
3452,52,1999,1
3453,53,1999,1
3454,54,1999,1
3455,55,1999,1
3456,56,1999,1
3457,57,1999,1
3458,58,1999,1
3459,59,1999,1
3460,60,1999,1
3461,61,1999,3
3462,62,1999,1
3463,63,1999,1
3464,64,1999,1
3465,65,1999,1
3466,66,1999,1
3467,67,1999,1
3468,68,1999,1
3469,69,1999,1
3470,70,1999,1
3471,71,1999,3
3472,72,1999,1
3473,73,1999,1
3474,74,1999,1
3475,75,1999,1
3476,76,1999,1
3477,77,1999,1
3478,78,1999,1
3479,79,1999,1
3480,80,1999,1
3481,81,1999,1
3482,82,1999,1
3483,83,1999,1
3484,84,1999,1
3485,85,1999,1
3486,86,1999,1
3487,87,1999,1
3488,88,1999,1
3489,89,1999,1
3490,90,1999,1
3491,91,1999,1
3492,92,1999,1
3493,93,1999,NA
3494,94,1999,1
3495,95,1999,1
3496,96,1999,1
3497,97,1999,3
3498,98,1999,1
3499,99,1999,1
3500,100,1999,1
3501,1,2000,1
3502,2,2000,1
3503,3,2000,1
3504,4,2000,1
3505,5,2000,1
3506,6,2000,1
3507,7,2000,1
3508,8,2000,1
3509,9,2000,1
3510,10,2000,1
3511,11,2000,1
3512,12,2000,1
3513,13,2000,1
3514,14,2000,1
3515,15,2000,1
3516,16,2000,1
3517,17,2000,1
3518,18,2000,1
3519,19,2000,1
3520,20,2000,1
3521,21,2000,1
3522,22,2000,1
3523,23,2000,1
3524,24,2000,1
3525,25,2000,1
3526,26,2000,1
3527,27,2000,5
3528,28,2000,1
3529,29,2000,3
3530,30,2000,1
3531,31,2000,1
3532,32,2000,1
3533,33,2000,1
3534,34,2000,1
3535,35,2000,1
3536,36,2000,1
3537,37,2000,1
3538,38,2000,3
3539,39,2000,1
3540,40,2000,1
3541,41,2000,1
3542,42,2000,1
3543,43,2000,1
3544,44,2000,1
3545,45,2000,1
3546,46,2000,1
3547,47,2000,1
3548,48,2000,1
3549,49,2000,1
3550,50,2000,1
3551,51,2000,1
3552,52,2000,1
3553,53,2000,1
3554,54,2000,1
3555,55,2000,1
3556,56,2000,1
3557,57,2000,1
3558,58,2000,1
3559,59,2000,1
3560,60,2000,1
3561,61,2000,1
3562,62,2000,1
3563,63,2000,1
3564,64,2000,1
3565,65,2000,1
3566,66,2000,3
3567,67,2000,1
3568,68,2000,1
3569,69,2000,1
3570,70,2000,1
3571,71,2000,1
3572,72,2000,1
3573,73,2000,1
3574,74,2000,1
3575,75,2000,1
3576,76,2000,1
3577,77,2000,1
3578,78,2000,1
3579,79,2000,1
3580,80,2000,1
3581,81,2000,1
3582,82,2000,1
3583,83,2000,1
3584,84,2000,1
3585,85,2000,1
3586,86,2000,1
3587,87,2000,1
3588,88,2000,1
3589,89,2000,1
3590,90,2000,1
3591,91,2000,1
3592,92,2000,1
3593,93,2000,1
3594,94,2000,1
3595,95,2000,1
3596,96,2000,1
3597,97,2000,1
3598,98,2000,1
3599,99,2000,1
3600,100,2000,1
3601,1,2001,1
3602,2,2001,1
3603,3,2001,3
3604,4,2001,1
3605,5,2001,1
3606,6,2001,1
3607,7,2001,1
3608,8,2001,1
3609,9,2001,1
3610,10,2001,1
3611,11,2001,3
3612,12,2001,1
3613,13,2001,1
3614,14,2001,1
3615,15,2001,1
3616,16,2001,1
3617,17,2001,1
3618,18,2001,1
3619,19,2001,1
3620,20,2001,3
3621,21,2001,1
3622,22,2001,1
3623,23,2001,1
3624,24,2001,NA
3625,25,2001,1
3626,26,2001,1
3627,27,2001,1
3628,28,2001,1
3629,29,2001,1
3630,30,2001,1
3631,31,2001,1
3632,32,2001,1
3633,33,2001,1
3634,34,2001,1
3635,35,2001,1
3636,36,2001,NA
3637,37,2001,1
3638,38,2001,3
3639,39,2001,1
3640,40,2001,1
3641,41,2001,1
3642,42,2001,1
3643,43,2001,1
3644,44,2001,1
3645,45,2001,1
3646,46,2001,1
3647,47,2001,1
3648,48,2001,1
3649,49,2001,1
3650,50,2001,1
3651,51,2001,3
3652,52,2001,1
3653,53,2001,3
3654,54,2001,3
3655,55,2001,1
3656,56,2001,1
3657,57,2001,1
3658,58,2001,1
3659,59,2001,1
3660,60,2001,1
3661,61,2001,1
3662,62,2001,1
3663,63,2001,1
3664,64,2001,1
3665,65,2001,1
3666,66,2001,1
3667,67,2001,1
3668,68,2001,1
3669,69,2001,1
3670,70,2001,1
3671,71,2001,5
3672,72,2001,1
3673,73,2001,1
3674,74,2001,1
3675,75,2001,1
3676,76,2001,1
3677,77,2001,1
3678,78,2001,1
3679,79,2001,1
3680,80,2001,1
3681,81,2001,1
3682,82,2001,1
3683,83,2001,1
3684,84,2001,1
3685,85,2001,1
3686,86,2001,1
3687,87,2001,1
3688,88,2001,1
3689,89,2001,1
3690,90,2001,1
3691,91,2001,1
3692,92,2001,1
3693,93,2001,1
3694,94,2001,1
3695,95,2001,1
3696,96,2001,1
3697,97,2001,1
3698,98,2001,1
3699,99,2001,1
3700,100,2001,1
3701,1,2002,1
3702,2,2002,1
3703,3,2002,1
3704,4,2002,1
3705,5,2002,1
3706,6,2002,1
3707,7,2002,1
3708,8,2002,1
3709,9,2002,1
3710,10,2002,1
3711,11,2002,1
3712,12,2002,1
3713,13,2002,1
3714,14,2002,1
3715,15,2002,1
3716,16,2002,1
3717,17,2002,1
3718,18,2002,1
3719,19,2002,1
3720,20,2002,1
3721,21,2002,1
3722,22,2002,1
3723,23,2002,1
3724,24,2002,1
3725,25,2002,1
3726,26,2002,1
3727,27,2002,1
3728,28,2002,1
3729,29,2002,1
3730,30,2002,1
3731,31,2002,1
3732,32,2002,1
3733,33,2002,3
3734,34,2002,1
3735,35,2002,1
3736,36,2002,1
3737,37,2002,1
3738,38,2002,1
3739,39,2002,1
3740,40,2002,1
3741,41,2002,1
3742,42,2002,1
3743,43,2002,1
3744,44,2002,1
3745,45,2002,1
3746,46,2002,1
3747,47,2002,1
3748,48,2002,3
3749,49,2002,1
3750,50,2002,1
3751,51,2002,1
3752,52,2002,1
3753,53,2002,1
3754,54,2002,1
3755,55,2002,1
3756,56,2002,1
3757,57,2002,1
3758,58,2002,1
3759,59,2002,1
3760,60,2002,1
3761,61,2002,1
3762,62,2002,5
3763,63,2002,1
3764,64,2002,1
3765,65,2002,1
3766,66,2002,1
3767,67,2002,1
3768,68,2002,1
3769,69,2002,1
3770,70,2002,1
3771,71,2002,1
3772,72,2002,1
3773,73,2002,1
3774,74,2002,1
3775,75,2002,3
3776,76,2002,1
3777,77,2002,NA
3778,78,2002,1
3779,79,2002,1
3780,80,2002,1
3781,81,2002,1
3782,82,2002,3
3783,83,2002,1
3784,84,2002,1
3785,85,2002,1
3786,86,2002,1
3787,87,2002,1
3788,88,2002,3
3789,89,2002,1
3790,90,2002,1
3791,91,2002,1
3792,92,2002,1
3793,93,2002,1
3794,94,2002,1
3795,95,2002,1
3796,96,2002,1
3797,97,2002,1
3798,98,2002,1
3799,99,2002,1
3800,100,2002,1
3801,1,2003,1
3802,2,2003,1
3803,3,2003,1
3804,4,2003,3
3805,5,2003,1
3806,6,2003,1
3807,7,2003,1
3808,8,2003,1
3809,9,2003,1
3810,10,2003,1
3811,11,2003,3
3812,12,2003,3
3813,13,2003,3
3814,14,2003,1
3815,15,2003,1
3816,16,2003,1
3817,17,2003,1
3818,18,2003,1
3819,19,2003,1
3820,20,2003,1
3821,21,2003,1
3822,22,2003,1
3823,23,2003,1
3824,24,2003,1
3825,25,2003,1
3826,26,2003,3
3827,27,2003,1
3828,28,2003,1
3829,29,2003,1
3830,30,2003,1
3831,31,2003,1
3832,32,2003,1
3833,33,2003,1
3834,34,2003,1
3835,35,2003,1
3836,36,2003,1
3837,37,2003,NA
3838,38,2003,1
3839,39,2003,1
3840,40,2003,1
3841,41,2003,3
3842,42,2003,1
3843,43,2003,1
3844,44,2003,1
3845,45,2003,1
3846,46,2003,1
3847,47,2003,1
3848,48,2003,1
3849,49,2003,1
3850,50,2003,1
3851,51,2003,1
3852,52,2003,1
3853,53,2003,NA
3854,54,2003,1
3855,55,2003,1
3856,56,2003,1
3857,57,2003,1
3858,58,2003,1
3859,59,2003,1
3860,60,2003,1
3861,61,2003,1
3862,62,2003,1
3863,63,2003,1
3864,64,2003,1
3865,65,2003,5
3866,66,2003,1
3867,67,2003,1
3868,68,2003,1
3869,69,2003,1
3870,70,2003,1
3871,71,2003,1
3872,72,2003,1
3873,73,2003,1
3874,74,2003,1
3875,75,2003,1
3876,76,2003,1
3877,77,2003,1
3878,78,2003,NA
3879,79,2003,1
3880,80,2003,1
3881,81,2003,1
3882,82,2003,3
3883,83,2003,1
3884,84,2003,1
3885,85,2003,1
3886,86,2003,3
3887,87,2003,1
3888,88,2003,1
3889,89,2003,1
3890,90,2003,1
3891,91,2003,1
3892,92,2003,1
3893,93,2003,3
3894,94,2003,1
3895,95,2003,1
3896,96,2003,1
3897,97,2003,1
3898,98,2003,1
3899,99,2003,1
3900,100,2003,1
3901,1,2004,1
3902,2,2004,1
3903,3,2004,1
3904,4,2004,1
3905,5,2004,1
3906,6,2004,1
3907,7,2004,1
3908,8,2004,1
3909,9,2004,1
3910,10,2004,1
3911,11,2004,1
3912,12,2004,1
3913,13,2004,1
3914,14,2004,1
3915,15,2004,1
3916,16,2004,1
3917,17,2004,1
3918,18,2004,3
3919,19,2004,1
3920,20,2004,1
3921,21,2004,1
3922,22,2004,1
3923,23,2004,1
3924,24,2004,1
3925,25,2004,1
3926,26,2004,3
3927,27,2004,1
3928,28,2004,1
3929,29,2004,1
3930,30,2004,1
3931,31,2004,1
3932,32,2004,1
3933,33,2004,1
3934,34,2004,1
3935,35,2004,1
3936,36,2004,1
3937,37,2004,1
3938,38,2004,1
3939,39,2004,1
3940,40,2004,1
3941,41,2004,1
3942,42,2004,1
3943,43,2004,1
3944,44,2004,1
3945,45,2004,1
3946,46,2004,1
3947,47,2004,1
3948,48,2004,1
3949,49,2004,1
3950,50,2004,1
3951,51,2004,1
3952,52,2004,1
3953,53,2004,1
3954,54,2004,1
3955,55,2004,1
3956,56,2004,1
3957,57,2004,1
3958,58,2004,1
3959,59,2004,1
3960,60,2004,1
3961,61,2004,1
3962,62,2004,1
3963,63,2004,NA
3964,64,2004,1
3965,65,2004,1
3966,66,2004,1
3967,67,2004,1
3968,68,2004,1
3969,69,2004,3
3970,70,2004,3
3971,71,2004,1
3972,72,2004,1
3973,73,2004,1
3974,74,2004,1
3975,75,2004,NA
3976,76,2004,1
3977,77,2004,1
3978,78,2004,1
3979,79,2004,1
3980,80,2004,1
3981,81,2004,1
3982,82,2004,1
3983,83,2004,1
3984,84,2004,1
3985,85,2004,1
3986,86,2004,1
3987,87,2004,1
3988,88,2004,1
3989,89,2004,1
3990,90,2004,1
3991,91,2004,1
3992,92,2004,1
3993,93,2004,1
3994,94,2004,1
3995,95,2004,1
3996,96,2004,1
3997,97,2004,1
3998,98,2004,1
3999,99,2004,1
4000,100,2004,1
4001,1,2005,1
4002,2,2005,1
4003,3,2005,1
4004,4,2005,1
4005,5,2005,1
4006,6,2005,1
4007,7,2005,1
4008,8,2005,1
4009,9,2005,3
4010,10,2005,1
4011,11,2005,1
4012,12,2005,1
4013,13,2005,1
4014,14,2005,1
4015,15,2005,1
4016,16,2005,1
4017,17,2005,1
4018,18,2005,1
4019,19,2005,1
4020,20,2005,1
4021,21,2005,1
4022,22,2005,1
4023,23,2005,1
4024,24,2005,3
4025,25,2005,3
4026,26,2005,1
4027,27,2005,1
4028,28,2005,1
4029,29,2005,1
4030,30,2005,1
4031,31,2005,1
4032,32,2005,3
4033,33,2005,1
4034,34,2005,1
4035,35,2005,1
4036,36,2005,1
4037,37,2005,1
4038,38,2005,1
4039,39,2005,1
4040,40,2005,1
4041,41,2005,1
4042,42,2005,1
4043,43,2005,1
4044,44,2005,1
4045,45,2005,1
4046,46,2005,1
4047,47,2005,1
4048,48,2005,1
4049,49,2005,1
4050,50,2005,1
4051,51,2005,1
4052,52,2005,1
4053,53,2005,1
4054,54,2005,1
4055,55,2005,3
4056,56,2005,1
4057,57,2005,1
4058,58,2005,1
4059,59,2005,1
4060,60,2005,1
4061,61,2005,1
4062,62,2005,1
4063,63,2005,1
4064,64,2005,1
4065,65,2005,1
4066,66,2005,1
4067,67,2005,1
4068,68,2005,1
4069,69,2005,1
4070,70,2005,1
4071,71,2005,1
4072,72,2005,1
4073,73,2005,1
4074,74,2005,1
4075,75,2005,1
4076,76,2005,1
4077,77,2005,1
4078,78,2005,1
4079,79,2005,1
4080,80,2005,1
4081,81,2005,1
4082,82,2005,1
4083,83,2005,1
4084,84,2005,1
4085,85,2005,3
4086,86,2005,1
4087,87,2005,1
4088,88,2005,1
4089,89,2005,3
4090,90,2005,1
4091,91,2005,1
4092,92,2005,1
4093,93,2005,NA
4094,94,2005,1
4095,95,2005,NA
4096,96,2005,1
4097,97,2005,1
4098,98,2005,1
4099,99,2005,1
4100,100,2005,1
4101,1,2006,1
4102,2,2006,1
4103,3,2006,1
4104,4,2006,1
4105,5,2006,1
4106,6,2006,1
4107,7,2006,1
4108,8,2006,1
4109,9,2006,3
4110,10,2006,1
4111,11,2006,1
4112,12,2006,3
4113,13,2006,3
4114,14,2006,3
4115,15,2006,1
4116,16,2006,1
4117,17,2006,1
4118,18,2006,1
4119,19,2006,1
4120,20,2006,1
4121,21,2006,NA
4122,22,2006,1
4123,23,2006,1
4124,24,2006,1
4125,25,2006,1
4126,26,2006,1
4127,27,2006,3
4128,28,2006,1
4129,29,2006,1
4130,30,2006,1
4131,31,2006,1
4132,32,2006,1
4133,33,2006,1
4134,34,2006,1
4135,35,2006,1
4136,36,2006,1
4137,37,2006,3
4138,38,2006,1
4139,39,2006,1
4140,40,2006,1
4141,41,2006,NA
4142,42,2006,3
4143,43,2006,1
4144,44,2006,1
4145,45,2006,1
4146,46,2006,1
4147,47,2006,1
4148,48,2006,NA
4149,49,2006,1
4150,50,2006,1
4151,51,2006,1
4152,52,2006,1
4153,53,2006,1
4154,54,2006,1
4155,55,2006,1
4156,56,2006,1
4157,57,2006,1
4158,58,2006,1
4159,59,2006,1
4160,60,2006,1
4161,61,2006,1
4162,62,2006,1
4163,63,2006,1
4164,64,2006,1
4165,65,2006,1
4166,66,2006,1
4167,67,2006,3
4168,68,2006,1
4169,69,2006,1
4170,70,2006,1
4171,71,2006,1
4172,72,2006,1
4173,73,2006,1
4174,74,2006,1
4175,75,2006,1
4176,76,2006,1
4177,77,2006,1
4178,78,2006,1
4179,79,2006,1
4180,80,2006,1
4181,81,2006,1
4182,82,2006,1
4183,83,2006,1
4184,84,2006,1
4185,85,2006,1
4186,86,2006,1
4187,87,2006,1
4188,88,2006,1
4189,89,2006,3
4190,90,2006,1
4191,91,2006,1
4192,92,2006,1
4193,93,2006,1
4194,94,2006,1
4195,95,2006,1
4196,96,2006,1
4197,97,2006,1
4198,98,2006,NA
4199,99,2006,1
4200,100,2006,1
4201,1,2007,3
4202,2,2007,1
4203,3,2007,1
4204,4,2007,1
4205,5,2007,NA
4206,6,2007,1
4207,7,2007,1
4208,8,2007,1
4209,9,2007,1
4210,10,2007,1
4211,11,2007,1
4212,12,2007,1
4213,13,2007,1
4214,14,2007,1
4215,15,2007,1
4216,16,2007,1
4217,17,2007,1
4218,18,2007,1
4219,19,2007,1
4220,20,2007,NA
4221,21,2007,1
4222,22,2007,1
4223,23,2007,1
4224,24,2007,3
4225,25,2007,1
4226,26,2007,1
4227,27,2007,1
4228,28,2007,1
4229,29,2007,3
4230,30,2007,1
4231,31,2007,1
4232,32,2007,1
4233,33,2007,NA
4234,34,2007,3
4235,35,2007,1
4236,36,2007,1
4237,37,2007,1
4238,38,2007,1
4239,39,2007,1
4240,40,2007,1
4241,41,2007,1
4242,42,2007,1
4243,43,2007,1
4244,44,2007,1
4245,45,2007,1
4246,46,2007,1
4247,47,2007,1
4248,48,2007,1
4249,49,2007,1
4250,50,2007,1
4251,51,2007,1
4252,52,2007,1
4253,53,2007,3
4254,54,2007,1
4255,55,2007,1
4256,56,2007,1
4257,57,2007,1
4258,58,2007,NA
4259,59,2007,1
4260,60,2007,1
4261,61,2007,1
4262,62,2007,3
4263,63,2007,3
4264,64,2007,1
4265,65,2007,1
4266,66,2007,1
4267,67,2007,1
4268,68,2007,1
4269,69,2007,1
4270,70,2007,1
4271,71,2007,1
4272,72,2007,1
4273,73,2007,1
4274,74,2007,1
4275,75,2007,NA
4276,76,2007,1
4277,77,2007,1
4278,78,2007,1
4279,79,2007,1
4280,80,2007,1
4281,81,2007,1
4282,82,2007,1
4283,83,2007,1
4284,84,2007,1
4285,85,2007,1
4286,86,2007,1
4287,87,2007,1
4288,88,2007,1
4289,89,2007,1
4290,90,2007,1
4291,91,2007,1
4292,92,2007,1
4293,93,2007,1
4294,94,2007,1
4295,95,2007,1
4296,96,2007,3
4297,97,2007,1
4298,98,2007,1
4299,99,2007,1
4300,100,2007,1
4301,1,2008,1
4302,2,2008,1
4303,3,2008,1
4304,4,2008,1
4305,5,2008,1
4306,6,2008,1
4307,7,2008,1
4308,8,2008,1
4309,9,2008,1
4310,10,2008,1
4311,11,2008,3
4312,12,2008,1
4313,13,2008,1
4314,14,2008,1
4315,15,2008,1
4316,16,2008,1
4317,17,2008,1
4318,18,2008,1
4319,19,2008,1
4320,20,2008,1
4321,21,2008,1
4322,22,2008,1
4323,23,2008,1
4324,24,2008,1
4325,25,2008,1
4326,26,2008,1
4327,27,2008,1
4328,28,2008,1
4329,29,2008,1
4330,30,2008,1
4331,31,2008,1
4332,32,2008,1
4333,33,2008,3
4334,34,2008,1
4335,35,2008,1
4336,36,2008,1
4337,37,2008,1
4338,38,2008,1
4339,39,2008,1
4340,40,2008,1
4341,41,2008,1
4342,42,2008,1
4343,43,2008,1
4344,44,2008,1
4345,45,2008,1
4346,46,2008,NA
4347,47,2008,1
4348,48,2008,1
4349,49,2008,1
4350,50,2008,1
4351,51,2008,1
4352,52,2008,1
4353,53,2008,1
4354,54,2008,NA
4355,55,2008,1
4356,56,2008,1
4357,57,2008,1
4358,58,2008,1
4359,59,2008,1
4360,60,2008,1
4361,61,2008,1
4362,62,2008,1
4363,63,2008,3
4364,64,2008,1
4365,65,2008,1
4366,66,2008,1
4367,67,2008,1
4368,68,2008,1
4369,69,2008,1
4370,70,2008,1
4371,71,2008,1
4372,72,2008,1
4373,73,2008,1
4374,74,2008,1
4375,75,2008,NA
4376,76,2008,1
4377,77,2008,1
4378,78,2008,1
4379,79,2008,1
4380,80,2008,1
4381,81,2008,1
4382,82,2008,1
4383,83,2008,1
4384,84,2008,3
4385,85,2008,1
4386,86,2008,1
4387,87,2008,1
4388,88,2008,3
4389,89,2008,1
4390,90,2008,1
4391,91,2008,1
4392,92,2008,1
4393,93,2008,1
4394,94,2008,1
4395,95,2008,1
4396,96,2008,1
4397,97,2008,1
4398,98,2008,1
4399,99,2008,1
4400,100,2008,1
4401,1,2009,3
4402,2,2009,1
4403,3,2009,1
4404,4,2009,1
4405,5,2009,1
4406,6,2009,1
4407,7,2009,1
4408,8,2009,1
4409,9,2009,1
4410,10,2009,NA
4411,11,2009,1
4412,12,2009,1
4413,13,2009,3
4414,14,2009,1
4415,15,2009,1
4416,16,2009,1
4417,17,2009,1
4418,18,2009,1
4419,19,2009,1
4420,20,2009,1
4421,21,2009,1
4422,22,2009,1
4423,23,2009,1
4424,24,2009,1
4425,25,2009,1
4426,26,2009,1
4427,27,2009,1
4428,28,2009,1
4429,29,2009,1
4430,30,2009,1
4431,31,2009,1
4432,32,2009,1
4433,33,2009,1
4434,34,2009,1
4435,35,2009,3
4436,36,2009,1
4437,37,2009,1
4438,38,2009,1
4439,39,2009,1
4440,40,2009,1
4441,41,2009,1
4442,42,2009,1
4443,43,2009,1
4444,44,2009,1
4445,45,2009,1
4446,46,2009,1
4447,47,2009,NA
4448,48,2009,1
4449,49,2009,1
4450,50,2009,1
4451,51,2009,1
4452,52,2009,1
4453,53,2009,1
4454,54,2009,1
4455,55,2009,1
4456,56,2009,1
4457,57,2009,1
4458,58,2009,1
4459,59,2009,1
4460,60,2009,1
4461,61,2009,1
4462,62,2009,1
4463,63,2009,1
4464,64,2009,1
4465,65,2009,1
4466,66,2009,1
4467,67,2009,1
4468,68,2009,1
4469,69,2009,3
4470,70,2009,1
4471,71,2009,1
4472,72,2009,1
4473,73,2009,1
4474,74,2009,1
4475,75,2009,1
4476,76,2009,1
4477,77,2009,1
4478,78,2009,1
4479,79,2009,3
4480,80,2009,NA
4481,81,2009,1
4482,82,2009,1
4483,83,2009,1
4484,84,2009,1
4485,85,2009,1
4486,86,2009,1
4487,87,2009,1
4488,88,2009,1
4489,89,2009,1
4490,90,2009,1
4491,91,2009,1
4492,92,2009,1
4493,93,2009,1
4494,94,2009,1
4495,95,2009,1
4496,96,2009,1
4497,97,2009,3
4498,98,2009,1
4499,99,2009,1
4500,100,2009,3
4501,1,2010,1
4502,2,2010,1
4503,3,2010,1
4504,4,2010,1
4505,5,2010,1
4506,6,2010,1
4507,7,2010,1
4508,8,2010,1
4509,9,2010,1
4510,10,2010,1
4511,11,2010,1
4512,12,2010,1
4513,13,2010,1
4514,14,2010,3
4515,15,2010,1
4516,16,2010,1
4517,17,2010,1
4518,18,2010,1
4519,19,2010,1
4520,20,2010,1
4521,21,2010,1
4522,22,2010,1
4523,23,2010,1
4524,24,2010,1
4525,25,2010,1
4526,26,2010,1
4527,27,2010,3
4528,28,2010,1
4529,29,2010,1
4530,30,2010,1
4531,31,2010,1
4532,32,2010,1
4533,33,2010,1
4534,34,2010,3
4535,35,2010,1
4536,36,2010,1
4537,37,2010,1
4538,38,2010,1
4539,39,2010,1
4540,40,2010,1
4541,41,2010,1
4542,42,2010,1
4543,43,2010,1
4544,44,2010,1
4545,45,2010,1
4546,46,2010,1
4547,47,2010,1
4548,48,2010,NA
4549,49,2010,1
4550,50,2010,1
4551,51,2010,1
4552,52,2010,1
4553,53,2010,1
4554,54,2010,1
4555,55,2010,1
4556,56,2010,1
4557,57,2010,1
4558,58,2010,1
4559,59,2010,1
4560,60,2010,1
4561,61,2010,1
4562,62,2010,1
4563,63,2010,1
4564,64,2010,1
4565,65,2010,1
4566,66,2010,1
4567,67,2010,1
4568,68,2010,1
4569,69,2010,1
4570,70,2010,1
4571,71,2010,1
4572,72,2010,1
4573,73,2010,1
4574,74,2010,1
4575,75,2010,3
4576,76,2010,1
4577,77,2010,3
4578,78,2010,1
4579,79,2010,1
4580,80,2010,3
4581,81,2010,1
4582,82,2010,1
4583,83,2010,1
4584,84,2010,1
4585,85,2010,1
4586,86,2010,1
4587,87,2010,1
4588,88,2010,1
4589,89,2010,1
4590,90,2010,1
4591,91,2010,1
4592,92,2010,1
4593,93,2010,1
4594,94,2010,1
4595,95,2010,1
4596,96,2010,1
4597,97,2010,1
4598,98,2010,1
4599,99,2010,1
4600,100,2010,1
4601,1,2011,1
4602,2,2011,1
4603,3,2011,1
4604,4,2011,1
4605,5,2011,1
4606,6,2011,1
4607,7,2011,1
4608,8,2011,1
4609,9,2011,1
4610,10,2011,1
4611,11,2011,1
4612,12,2011,1
4613,13,2011,1
4614,14,2011,1
4615,15,2011,1
4616,16,2011,1
4617,17,2011,1
4618,18,2011,1
4619,19,2011,1
4620,20,2011,1
4621,21,2011,1
4622,22,2011,1
4623,23,2011,1
4624,24,2011,1
4625,25,2011,1
4626,26,2011,1
4627,27,2011,1
4628,28,2011,1
4629,29,2011,3
4630,30,2011,1
4631,31,2011,1
4632,32,2011,1
4633,33,2011,1
4634,34,2011,1
4635,35,2011,1
4636,36,2011,1
4637,37,2011,3
4638,38,2011,3
4639,39,2011,1
4640,40,2011,1
4641,41,2011,1
4642,42,2011,1
4643,43,2011,1
4644,44,2011,1
4645,45,2011,1
4646,46,2011,1
4647,47,2011,1
4648,48,2011,1
4649,49,2011,1
4650,50,2011,1
4651,51,2011,1
4652,52,2011,1
4653,53,2011,1
4654,54,2011,1
4655,55,2011,1
4656,56,2011,1
4657,57,2011,1
4658,58,2011,1
4659,59,2011,1
4660,60,2011,1
4661,61,2011,1
4662,62,2011,1
4663,63,2011,1
4664,64,2011,1
4665,65,2011,1
4666,66,2011,3
4667,67,2011,1
4668,68,2011,1
4669,69,2011,1
4670,70,2011,1
4671,71,2011,3
4672,72,2011,1
4673,73,2011,1
4674,74,2011,1
4675,75,2011,1
4676,76,2011,1
4677,77,2011,1
4678,78,2011,3
4679,79,2011,1
4680,80,2011,1
4681,81,2011,1
4682,82,2011,1
4683,83,2011,1
4684,84,2011,3
4685,85,2011,1
4686,86,2011,3
4687,87,2011,1
4688,88,2011,1
4689,89,2011,1
4690,90,2011,1
4691,91,2011,1
4692,92,2011,1
4693,93,2011,1
4694,94,2011,1
4695,95,2011,1
4696,96,2011,1
4697,97,2011,1
4698,98,2011,1
4699,99,2011,1
4700,100,2011,1
4701,1,2012,1
4702,2,2012,1
4703,3,2012,1
4704,4,2012,1
4705,5,2012,1
4706,6,2012,1
4707,7,2012,1
4708,8,2012,1
4709,9,2012,1
4710,10,2012,1
4711,11,2012,1
4712,12,2012,1
4713,13,2012,1
4714,14,2012,1
4715,15,2012,1
4716,16,2012,1
4717,17,2012,1
4718,18,2012,1
4719,19,2012,1
4720,20,2012,1
4721,21,2012,1
4722,22,2012,1
4723,23,2012,1
4724,24,2012,1
4725,25,2012,1
4726,26,2012,1
4727,27,2012,NA
4728,28,2012,1
4729,29,2012,1
4730,30,2012,1
4731,31,2012,1
4732,32,2012,3
4733,33,2012,1
4734,34,2012,1
4735,35,2012,1
4736,36,2012,1
4737,37,2012,1
4738,38,2012,1
4739,39,2012,1
4740,40,2012,1
4741,41,2012,1
4742,42,2012,1
4743,43,2012,1
4744,44,2012,1
4745,45,2012,1
4746,46,2012,1
4747,47,2012,1
4748,48,2012,1
4749,49,2012,1
4750,50,2012,1
4751,51,2012,1
4752,52,2012,1
4753,53,2012,1
4754,54,2012,1
4755,55,2012,1
4756,56,2012,1
4757,57,2012,3
4758,58,2012,1
4759,59,2012,3
4760,60,2012,1
4761,61,2012,1
4762,62,2012,1
4763,63,2012,1
4764,64,2012,1
4765,65,2012,1
4766,66,2012,1
4767,67,2012,1
4768,68,2012,1
4769,69,2012,1
4770,70,2012,1
4771,71,2012,1
4772,72,2012,1
4773,73,2012,1
4774,74,2012,1
4775,75,2012,1
4776,76,2012,1
4777,77,2012,1
4778,78,2012,1
4779,79,2012,1
4780,80,2012,1
4781,81,2012,1
4782,82,2012,1
4783,83,2012,3
4784,84,2012,1
4785,85,2012,1
4786,86,2012,NA
4787,87,2012,1
4788,88,2012,1
4789,89,2012,1
4790,90,2012,1
4791,91,2012,1
4792,92,2012,3
4793,93,2012,1
4794,94,2012,1
4795,95,2012,1
4796,96,2012,1
4797,97,2012,1
4798,98,2012,1
4799,99,2012,1
4800,100,2012,1
4801,1,2013,1
4802,2,2013,1
4803,3,2013,1
4804,4,2013,1
4805,5,2013,1
4806,6,2013,1
4807,7,2013,1
4808,8,2013,1
4809,9,2013,1
4810,10,2013,1
4811,11,2013,1
4812,12,2013,1
4813,13,2013,1
4814,14,2013,1
4815,15,2013,1
4816,16,2013,1
4817,17,2013,1
4818,18,2013,1
4819,19,2013,1
4820,20,2013,3
4821,21,2013,1
4822,22,2013,3
4823,23,2013,NA
4824,24,2013,1
4825,25,2013,1
4826,26,2013,1
4827,27,2013,1
4828,28,2013,1
4829,29,2013,1
4830,30,2013,1
4831,31,2013,1
4832,32,2013,1
4833,33,2013,3
4834,34,2013,1
4835,35,2013,1
4836,36,2013,1
4837,37,2013,1
4838,38,2013,1
4839,39,2013,1
4840,40,2013,1
4841,41,2013,1
4842,42,2013,1
4843,43,2013,1
4844,44,2013,1
4845,45,2013,1
4846,46,2013,1
4847,47,2013,1
4848,48,2013,1
4849,49,2013,1
4850,50,2013,1
4851,51,2013,1
4852,52,2013,3
4853,53,2013,1
4854,54,2013,1
4855,55,2013,1
4856,56,2013,1
4857,57,2013,1
4858,58,2013,1
4859,59,2013,1
4860,60,2013,1
4861,61,2013,1
4862,62,2013,1
4863,63,2013,1
4864,64,2013,1
4865,65,2013,3
4866,66,2013,1
4867,67,2013,1
4868,68,2013,1
4869,69,2013,1
4870,70,2013,1
4871,71,2013,1
4872,72,2013,1
4873,73,2013,1
4874,74,2013,1
4875,75,2013,3
4876,76,2013,1
4877,77,2013,1
4878,78,2013,1
4879,79,2013,1
4880,80,2013,1
4881,81,2013,1
4882,82,2013,1
4883,83,2013,1
4884,84,2013,1
4885,85,2013,1
4886,86,2013,1
4887,87,2013,1
4888,88,2013,3
4889,89,2013,1
4890,90,2013,1
4891,91,2013,1
4892,92,2013,1
4893,93,2013,1
4894,94,2013,1
4895,95,2013,NA
4896,96,2013,1
4897,97,2013,1
4898,98,2013,1
4899,99,2013,1
4900,100,2013,1
4901,1,2014,1
4902,2,2014,1
4903,3,2014,1
4904,4,2014,1
4905,5,2014,1
4906,6,2014,1
4907,7,2014,1
4908,8,2014,1
4909,9,2014,1
4910,10,2014,1
4911,11,2014,1
4912,12,2014,1
4913,13,2014,1
4914,14,2014,3
4915,15,2014,1
4916,16,2014,3
4917,17,2014,1
4918,18,2014,1
4919,19,2014,1
4920,20,2014,1
4921,21,2014,1
4922,22,2014,1
4923,23,2014,1
4924,24,2014,1
4925,25,2014,1
4926,26,2014,1
4927,27,2014,3
4928,28,2014,1
4929,29,2014,1
4930,30,2014,1
4931,31,2014,1
4932,32,2014,1
4933,33,2014,1
4934,34,2014,1
4935,35,2014,1
4936,36,2014,1
4937,37,2014,1
4938,38,2014,1
4939,39,2014,1
4940,40,2014,1
4941,41,2014,1
4942,42,2014,1
4943,43,2014,1
4944,44,2014,1
4945,45,2014,1
4946,46,2014,1
4947,47,2014,1
4948,48,2014,1
4949,49,2014,1
4950,50,2014,1
4951,51,2014,1
4952,52,2014,1
4953,53,2014,3
4954,54,2014,1
4955,55,2014,1
4956,56,2014,1
4957,57,2014,1
4958,58,2014,1
4959,59,2014,1
4960,60,2014,1
4961,61,2014,1
4962,62,2014,1
4963,63,2014,1
4964,64,2014,1
4965,65,2014,1
4966,66,2014,1
4967,67,2014,1
4968,68,2014,1
4969,69,2014,1
4970,70,2014,1
4971,71,2014,1
4972,72,2014,1
4973,73,2014,1
4974,74,2014,1
4975,75,2014,1
4976,76,2014,1
4977,77,2014,1
4978,78,2014,1
4979,79,2014,1
4980,80,2014,1
4981,81,2014,1
4982,82,2014,1
4983,83,2014,1
4984,84,2014,1
4985,85,2014,1
4986,86,2014,1
4987,87,2014,1
4988,88,2014,1
4989,89,2014,1
4990,90,2014,NA
4991,91,2014,1
4992,92,2014,3
4993,93,2014,1
4994,94,2014,1
4995,95,2014,1
4996,96,2014,1
4997,97,2014,3
4998,98,2014,1
4999,99,2014,1
5000,100,2014,1
5001,1,2015,1
5002,2,2015,1
5003,3,2015,1
5004,4,2015,1
5005,5,2015,1
5006,6,2015,1
5007,7,2015,1
5008,8,2015,1
5009,9,2015,1
5010,10,2015,1
5011,11,2015,1
5012,12,2015,1
5013,13,2015,1
5014,14,2015,1
5015,15,2015,1
5016,16,2015,1
5017,17,2015,1
5018,18,2015,1
5019,19,2015,1
5020,20,2015,1
5021,21,2015,1
5022,22,2015,1
5023,23,2015,1
5024,24,2015,1
5025,25,2015,1
5026,26,2015,1
5027,27,2015,1
5028,28,2015,1
5029,29,2015,1
5030,30,2015,1
5031,31,2015,1
5032,32,2015,1
5033,33,2015,1
5034,34,2015,1
5035,35,2015,1
5036,36,2015,1
5037,37,2015,1
5038,38,2015,1
5039,39,2015,1
5040,40,2015,1
5041,41,2015,1
5042,42,2015,3
5043,43,2015,1
5044,44,2015,1
5045,45,2015,1
5046,46,2015,1
5047,47,2015,1
5048,48,2015,1
5049,49,2015,1
5050,50,2015,NA
5051,51,2015,1
5052,52,2015,1
5053,53,2015,1
5054,54,2015,1
5055,55,2015,1
5056,56,2015,1
5057,57,2015,1
5058,58,2015,1
5059,59,2015,1
5060,60,2015,1
5061,61,2015,1
5062,62,2015,3
5063,63,2015,1
5064,64,2015,1
5065,65,2015,1
5066,66,2015,1
5067,67,2015,1
5068,68,2015,1
5069,69,2015,1
5070,70,2015,1
5071,71,2015,1
5072,72,2015,1
5073,73,2015,5
5074,74,2015,1
5075,75,2015,1
5076,76,2015,1
5077,77,2015,1
5078,78,2015,1
5079,79,2015,1
5080,80,2015,3
5081,81,2015,1
5082,82,2015,3
5083,83,2015,1
5084,84,2015,1
5085,85,2015,1
5086,86,2015,1
5087,87,2015,1
5088,88,2015,1
5089,89,2015,1
5090,90,2015,1
5091,91,2015,1
5092,92,2015,1
5093,93,2015,1
5094,94,2015,1
5095,95,2015,1
5096,96,2015,3
5097,97,2015,NA
5098,98,2015,1
5099,99,2015,1
5100,100,2015,1